GroupCode,GroupName,UnitCode,UnitName,SiteCode,SiteName,StartDate,PlotName,DateScored,Count,QAQCType,Scorer,Notes,IsPointCUI,QAQC,DateTaken
NETN,Northeast Temperate Network,ACAD,Acadia National Park,SCHPOI,Schoodic Point,6/19/2013,S1,,708,NA,{DB5AAE5D-8B53-4EAF-8DA9-43E7ABB19099},Scoring date not known.,FALSE,FALSE,6/19/2013
NETN,Northeast Temperate Network,ACAD,Acadia National Park,SCHPOI,Schoodic Point,6/19/2013,S2,,458,NA,{DB5AAE5D-8B53-4EAF-8DA9-43E7ABB19099},Scoring date not known.,FALSE,FALSE,6/19/2013
NETN,Northeast Temperate Network,ACAD,Acadia National Park,SCHPOI,Schoodic Point,6/19/2013,S3,,170,NA,{DB5AAE5D-8B53-4EAF-8DA9-43E7ABB19099},Scoring date not known.,FALSE,FALSE,6/19/2013
NETN,Northeast Temperate Network,ACAD,Acadia National Park,SCHPOI,Schoodic Point,6/19/2013,S4,,145,NA,{DB5AAE5D-8B53-4EAF-8DA9-43E7ABB19099},Scoring date not known.,FALSE,FALSE,6/19/2013
NETN,Northeast Temperate Network,ACAD,Acadia National Park,SCHPOI,Schoodic Point,6/19/2013,S5,,390,NA,{DB5AAE5D-8B53-4EAF-8DA9-43E7ABB19099},Scoring date not known.,FALSE,FALSE,6/19/2013
NETN,Northeast Temperate Network,ACAD,Acadia National Park,SCHPOI,Schoodic Point,6/19/2013,U1,,368,NA,{DB5AAE5D-8B53-4EAF-8DA9-43E7ABB19099},Scoring date not known.,FALSE,FALSE,6/19/2013
NETN,Northeast Temperate Network,ACAD,Acadia National Park,SCHPOI,Schoodic Point,6/19/2013,U2,,178,NA,{DB5AAE5D-8B53-4EAF-8DA9-43E7ABB19099},Scoring date not known.,FALSE,FALSE,6/19/2013
NETN,Northeast Temperate Network,ACAD,Acadia National Park,SCHPOI,Schoodic Point,6/19/2013,U3,,133,NA,{DB5AAE5D-8B53-4EAF-8DA9-43E7ABB19099},Scoring date not known.,FALSE,FALSE,6/19/2013
NETN,Northeast Temperate Network,ACAD,Acadia National Park,SCHPOI,Schoodic Point,6/19/2013,U4,,195,NA,{DB5AAE5D-8B53-4EAF-8DA9-43E7ABB19099},Scoring date not known.,FALSE,FALSE,6/19/2013
NETN,Northeast Temperate Network,ACAD,Acadia National Park,SCHPOI,Schoodic Point,6/19/2013,U5,,176,NA,{DB5AAE5D-8B53-4EAF-8DA9-43E7ABB19099},Scoring date not known.,FALSE,FALSE,6/19/2013
NETN,Northeast Temperate Network,ACAD,Acadia National Park,BASHAR,Bass Harbor,6/21/2013,S1,,1294,NA,{DB5AAE5D-8B53-4EAF-8DA9-43E7ABB19099},Scoring date unknown; August or September 2013,FALSE,FALSE,6/21/2013
NETN,Northeast Temperate Network,ACAD,Acadia National Park,BASHAR,Bass Harbor,6/21/2013,S1,,1261,New Box,{1EE29925-05EE-4AEF-967C-2F4D5C2A4724},Scoring date unknown; August or September 2013,FALSE,FALSE,6/21/2013
NETN,Northeast Temperate Network,ACAD,Acadia National Park,BASHAR,Bass Harbor,6/21/2013,S2,,1118,New Box,{1EE29925-05EE-4AEF-967C-2F4D5C2A4724},Scoring date unknown; August or September 2013,FALSE,FALSE,6/21/2013
NETN,Northeast Temperate Network,ACAD,Acadia National Park,BASHAR,Bass Harbor,6/21/2013,S2,,1080,NA,{DB5AAE5D-8B53-4EAF-8DA9-43E7ABB19099},Scoring date unknown; August or September 2013,FALSE,FALSE,6/21/2013
NETN,Northeast Temperate Network,ACAD,Acadia National Park,BASHAR,Bass Harbor,6/21/2013,S3,,1260,NA,{DB5AAE5D-8B53-4EAF-8DA9-43E7ABB19099},Scoring date unknown; August or September 2013,FALSE,FALSE,6/21/2013
NETN,Northeast Temperate Network,ACAD,Acadia National Park,BASHAR,Bass Harbor,6/21/2013,S3,,1245,New Box,{1EE29925-05EE-4AEF-967C-2F4D5C2A4724},Scoring date unknown; August or September 2013,FALSE,FALSE,6/21/2013
NETN,Northeast Temperate Network,ACAD,Acadia National Park,BASHAR,Bass Harbor,6/21/2013,S4,,1398,New Box,{1EE29925-05EE-4AEF-967C-2F4D5C2A4724},Scoring date unknown; August or September 2013,FALSE,FALSE,6/21/2013
NETN,Northeast Temperate Network,ACAD,Acadia National Park,BASHAR,Bass Harbor,6/21/2013,S4,,1383,NA,{DB5AAE5D-8B53-4EAF-8DA9-43E7ABB19099},Scoring date unknown; August or September 2013,FALSE,FALSE,6/21/2013
NETN,Northeast Temperate Network,ACAD,Acadia National Park,BASHAR,Bass Harbor,6/21/2013,S5,,1202,New Box,{1EE29925-05EE-4AEF-967C-2F4D5C2A4724},Scoring date unknown; August or September 2013,FALSE,FALSE,6/21/2013
NETN,Northeast Temperate Network,ACAD,Acadia National Park,BASHAR,Bass Harbor,6/21/2013,S5,,1148,NA,{DB5AAE5D-8B53-4EAF-8DA9-43E7ABB19099},Scoring date unknown; August or September 2013,FALSE,FALSE,6/21/2013
NETN,Northeast Temperate Network,ACAD,Acadia National Park,BASHAR,Bass Harbor,6/21/2013,U1,,1238,New Box,{1EE29925-05EE-4AEF-967C-2F4D5C2A4724},Scoring date unknown; August or September 2013,FALSE,FALSE,6/21/2013
NETN,Northeast Temperate Network,ACAD,Acadia National Park,BASHAR,Bass Harbor,6/21/2013,U1,,1242,NA,{DB5AAE5D-8B53-4EAF-8DA9-43E7ABB19099},Scoring date unknown; August or September 2013,FALSE,FALSE,6/21/2013
NETN,Northeast Temperate Network,ACAD,Acadia National Park,BASHAR,Bass Harbor,6/21/2013,U2,,884,New Box,{1EE29925-05EE-4AEF-967C-2F4D5C2A4724},Scoring date unknown; August or September 2013,FALSE,FALSE,6/21/2013
NETN,Northeast Temperate Network,ACAD,Acadia National Park,BASHAR,Bass Harbor,6/21/2013,U2,,883,NA,{DB5AAE5D-8B53-4EAF-8DA9-43E7ABB19099},Scoring date unknown; August or September 2013,FALSE,FALSE,6/21/2013
NETN,Northeast Temperate Network,ACAD,Acadia National Park,BASHAR,Bass Harbor,6/21/2013,U3,,1148,New Box,{1EE29925-05EE-4AEF-967C-2F4D5C2A4724},Scoring date unknown; August or September 2013,FALSE,FALSE,6/21/2013
NETN,Northeast Temperate Network,ACAD,Acadia National Park,BASHAR,Bass Harbor,6/21/2013,U3,,1148,NA,{DB5AAE5D-8B53-4EAF-8DA9-43E7ABB19099},Scoring date unknown; August or September 2013,FALSE,FALSE,6/21/2013
NETN,Northeast Temperate Network,ACAD,Acadia National Park,BASHAR,Bass Harbor,6/21/2013,U4,,1232,New Box,{1EE29925-05EE-4AEF-967C-2F4D5C2A4724},Scoring date unknown; August or September 2013,FALSE,FALSE,6/21/2013
NETN,Northeast Temperate Network,ACAD,Acadia National Park,BASHAR,Bass Harbor,6/21/2013,U4,,1247,NA,{DB5AAE5D-8B53-4EAF-8DA9-43E7ABB19099},Scoring date unknown; August or September 2013,FALSE,FALSE,6/21/2013
NETN,Northeast Temperate Network,ACAD,Acadia National Park,BASHAR,Bass Harbor,6/21/2013,U5,,1013,NA,{DB5AAE5D-8B53-4EAF-8DA9-43E7ABB19099},Scoring date unknown; August or September 2013,FALSE,FALSE,6/21/2013
NETN,Northeast Temperate Network,ACAD,Acadia National Park,BASHAR,Bass Harbor,6/21/2013,U5,,991,New Box,{1EE29925-05EE-4AEF-967C-2F4D5C2A4724},Scoring date unknown; August or September 2013,FALSE,FALSE,6/21/2013
NETN,Northeast Temperate Network,ACAD,Acadia National Park,SHIHAR,Ship Harbor,6/22/2013,S1,,1305,NA,{DB5AAE5D-8B53-4EAF-8DA9-43E7ABB19099},Scoring date not known.,FALSE,FALSE,6/22/2013
NETN,Northeast Temperate Network,ACAD,Acadia National Park,SHIHAR,Ship Harbor,6/22/2013,S2,,748,NA,{DB5AAE5D-8B53-4EAF-8DA9-43E7ABB19099},Scoring date not known.,FALSE,FALSE,6/22/2013
NETN,Northeast Temperate Network,ACAD,Acadia National Park,SHIHAR,Ship Harbor,6/22/2013,S3,,1422,NA,{DB5AAE5D-8B53-4EAF-8DA9-43E7ABB19099},Scoring date not known.,FALSE,FALSE,6/22/2013
NETN,Northeast Temperate Network,ACAD,Acadia National Park,SHIHAR,Ship Harbor,6/22/2013,S4,,1204,NA,{DB5AAE5D-8B53-4EAF-8DA9-43E7ABB19099},Scoring date not known.,FALSE,FALSE,6/22/2013
NETN,Northeast Temperate Network,ACAD,Acadia National Park,SHIHAR,Ship Harbor,6/22/2013,S5,,960,NA,{DB5AAE5D-8B53-4EAF-8DA9-43E7ABB19099},Scoring date not known.,FALSE,FALSE,6/22/2013
NETN,Northeast Temperate Network,ACAD,Acadia National Park,SHIHAR,Ship Harbor,6/22/2013,U1,,880,NA,{DB5AAE5D-8B53-4EAF-8DA9-43E7ABB19099},Scoring date not known.,FALSE,FALSE,6/22/2013
NETN,Northeast Temperate Network,ACAD,Acadia National Park,SHIHAR,Ship Harbor,6/22/2013,U2,,739,NA,{DB5AAE5D-8B53-4EAF-8DA9-43E7ABB19099},Scoring date not known.,FALSE,FALSE,6/22/2013
NETN,Northeast Temperate Network,ACAD,Acadia National Park,SHIHAR,Ship Harbor,6/22/2013,U3,,569,NA,{DB5AAE5D-8B53-4EAF-8DA9-43E7ABB19099},Scoring date not known.,FALSE,FALSE,6/22/2013
NETN,Northeast Temperate Network,ACAD,Acadia National Park,SHIHAR,Ship Harbor,6/22/2013,U4,,576,NA,{DB5AAE5D-8B53-4EAF-8DA9-43E7ABB19099},Scoring date not known. Ruler blocked in photo; used inch scale to generate 10 cm square.,FALSE,FALSE,6/22/2013
NETN,Northeast Temperate Network,ACAD,Acadia National Park,SHIHAR,Ship Harbor,6/22/2013,U5,,554,NA,{DB5AAE5D-8B53-4EAF-8DA9-43E7ABB19099},Scoring date not known.,FALSE,FALSE,6/22/2013
NETN,Northeast Temperate Network,ACAD,Acadia National Park,OTTPOI,Otter Point,6/23/2013,S1,,1072,NA,{DB5AAE5D-8B53-4EAF-8DA9-43E7ABB19099},Scoring date not known.,FALSE,FALSE,6/23/2013
NETN,Northeast Temperate Network,ACAD,Acadia National Park,OTTPOI,Otter Point,6/23/2013,S2,,355,NA,{DB5AAE5D-8B53-4EAF-8DA9-43E7ABB19099},Scoring date not known.,FALSE,FALSE,6/23/2013
NETN,Northeast Temperate Network,ACAD,Acadia National Park,OTTPOI,Otter Point,6/23/2013,S3,,333,NA,{DB5AAE5D-8B53-4EAF-8DA9-43E7ABB19099},Scoring date not known.,FALSE,FALSE,6/23/2013
NETN,Northeast Temperate Network,ACAD,Acadia National Park,OTTPOI,Otter Point,6/23/2013,S4,,47,NA,{DB5AAE5D-8B53-4EAF-8DA9-43E7ABB19099},Scoring date not known.,FALSE,FALSE,6/23/2013
NETN,Northeast Temperate Network,ACAD,Acadia National Park,OTTPOI,Otter Point,6/23/2013,S5,,177,NA,{DB5AAE5D-8B53-4EAF-8DA9-43E7ABB19099},Scoring date not known.,FALSE,FALSE,6/23/2013
NETN,Northeast Temperate Network,ACAD,Acadia National Park,OTTPOI,Otter Point,6/23/2013,U1,,96,NA,{DB5AAE5D-8B53-4EAF-8DA9-43E7ABB19099},Scoring date not known.,FALSE,FALSE,6/23/2013
NETN,Northeast Temperate Network,ACAD,Acadia National Park,OTTPOI,Otter Point,6/23/2013,U2,,91,NA,{DB5AAE5D-8B53-4EAF-8DA9-43E7ABB19099},Scoring date not known.,FALSE,FALSE,6/23/2013
NETN,Northeast Temperate Network,ACAD,Acadia National Park,BASHAR,Bass Harbor,6/24/2013,S1,,1363,Same Box,{DB1D31D2-F979-4F8D-834F-8B2883643B11},Scoring date not known.,FALSE,TRUE,6/24/2013
NETN,Northeast Temperate Network,ACAD,Acadia National Park,BASHAR,Bass Harbor,6/24/2013,S1,,1313,Same Box,{1EE29925-05EE-4AEF-967C-2F4D5C2A4724},Scoring date not known.,FALSE,TRUE,6/24/2013
NETN,Northeast Temperate Network,ACAD,Acadia National Park,BASHAR,Bass Harbor,6/24/2013,S1,,1323,Same Box,{ACDF578E-1BE4-48C5-941D-EE34A1B95533},Scoring date not known.,FALSE,TRUE,6/24/2013
NETN,Northeast Temperate Network,ACAD,Acadia National Park,BASHAR,Bass Harbor,6/24/2013,S1,,1401,NA,{DB5AAE5D-8B53-4EAF-8DA9-43E7ABB19099},Scoring date not known.,FALSE,TRUE,6/24/2013
NETN,Northeast Temperate Network,ACAD,Acadia National Park,BASHAR,Bass Harbor,6/24/2013,S2,,1155,Same Box,{DB1D31D2-F979-4F8D-834F-8B2883643B11},Scoring date not known.,FALSE,TRUE,6/24/2013
NETN,Northeast Temperate Network,ACAD,Acadia National Park,BASHAR,Bass Harbor,6/24/2013,S2,,1111,Same Box,{1EE29925-05EE-4AEF-967C-2F4D5C2A4724},Scoring date not known.,FALSE,TRUE,6/24/2013
NETN,Northeast Temperate Network,ACAD,Acadia National Park,BASHAR,Bass Harbor,6/24/2013,S2,,1118,NA,{DB5AAE5D-8B53-4EAF-8DA9-43E7ABB19099},Scoring date not known.,FALSE,TRUE,6/24/2013
NETN,Northeast Temperate Network,ACAD,Acadia National Park,BASHAR,Bass Harbor,6/24/2013,S2,,1132,Same Box,{ACDF578E-1BE4-48C5-941D-EE34A1B95533},Scoring date not known.,FALSE,TRUE,6/24/2013
NETN,Northeast Temperate Network,ACAD,Acadia National Park,BASHAR,Bass Harbor,6/24/2013,S3,,1113,Same Box,{1EE29925-05EE-4AEF-967C-2F4D5C2A4724},Scoring date not known.,FALSE,TRUE,6/24/2013
NETN,Northeast Temperate Network,ACAD,Acadia National Park,BASHAR,Bass Harbor,6/24/2013,S3,,1173,NA,{DB5AAE5D-8B53-4EAF-8DA9-43E7ABB19099},Scoring date not known.,FALSE,TRUE,6/24/2013
NETN,Northeast Temperate Network,ACAD,Acadia National Park,BASHAR,Bass Harbor,6/24/2013,S3,,1094,Same Box,{ACDF578E-1BE4-48C5-941D-EE34A1B95533},Scoring date not known.,FALSE,TRUE,6/24/2013
NETN,Northeast Temperate Network,ACAD,Acadia National Park,BASHAR,Bass Harbor,6/24/2013,S3,,1130,Same Box,{DB1D31D2-F979-4F8D-834F-8B2883643B11},Scoring date not known.,FALSE,TRUE,6/24/2013
NETN,Northeast Temperate Network,ACAD,Acadia National Park,BASHAR,Bass Harbor,6/24/2013,S4,,1739,Same Box,{DB1D31D2-F979-4F8D-834F-8B2883643B11},Scoring date not known.,FALSE,TRUE,6/24/2013
NETN,Northeast Temperate Network,ACAD,Acadia National Park,BASHAR,Bass Harbor,6/24/2013,S4,,1689,Same Box,{ACDF578E-1BE4-48C5-941D-EE34A1B95533},Scoring date not known.,FALSE,TRUE,6/24/2013
NETN,Northeast Temperate Network,ACAD,Acadia National Park,BASHAR,Bass Harbor,6/24/2013,S4,,1691,NA,{DB5AAE5D-8B53-4EAF-8DA9-43E7ABB19099},Scoring date not known.,FALSE,TRUE,6/24/2013
NETN,Northeast Temperate Network,ACAD,Acadia National Park,BASHAR,Bass Harbor,6/24/2013,S4,,1693,Same Box,{1EE29925-05EE-4AEF-967C-2F4D5C2A4724},Scoring date not known.,FALSE,TRUE,6/24/2013
NETN,Northeast Temperate Network,ACAD,Acadia National Park,BASHAR,Bass Harbor,6/24/2013,S5,,1138,Same Box,{1EE29925-05EE-4AEF-967C-2F4D5C2A4724},Scoring date not known.,FALSE,TRUE,6/24/2013
NETN,Northeast Temperate Network,ACAD,Acadia National Park,BASHAR,Bass Harbor,6/24/2013,S5,,1159,Same Box,{ACDF578E-1BE4-48C5-941D-EE34A1B95533},Scoring date not known.,FALSE,TRUE,6/24/2013
NETN,Northeast Temperate Network,ACAD,Acadia National Park,BASHAR,Bass Harbor,6/24/2013,S5,,1168,Same Box,{DB1D31D2-F979-4F8D-834F-8B2883643B11},Scoring date not known.,FALSE,TRUE,6/24/2013
NETN,Northeast Temperate Network,ACAD,Acadia National Park,BASHAR,Bass Harbor,6/24/2013,S5,,1133,NA,{DB5AAE5D-8B53-4EAF-8DA9-43E7ABB19099},Scoring date not known.,FALSE,TRUE,6/24/2013
NETN,Northeast Temperate Network,ACAD,Acadia National Park,SCHPOI,Schoodic Point,6/17/2014,S1,10/20/2014,63,NA,{ACDF578E-1BE4-48C5-941D-EE34A1B95533},,FALSE,FALSE,6/17/2014
NETN,Northeast Temperate Network,ACAD,Acadia National Park,SCHPOI,Schoodic Point,6/17/2014,S2,10/20/2014,47,NA,{ACDF578E-1BE4-48C5-941D-EE34A1B95533},,FALSE,FALSE,6/17/2014
NETN,Northeast Temperate Network,ACAD,Acadia National Park,SCHPOI,Schoodic Point,6/17/2014,S3,10/20/2014,37,NA,{ACDF578E-1BE4-48C5-941D-EE34A1B95533},,FALSE,FALSE,6/17/2014
NETN,Northeast Temperate Network,ACAD,Acadia National Park,SCHPOI,Schoodic Point,6/17/2014,S4,10/20/2014,12,NA,{ACDF578E-1BE4-48C5-941D-EE34A1B95533},,FALSE,FALSE,6/17/2014
NETN,Northeast Temperate Network,ACAD,Acadia National Park,SCHPOI,Schoodic Point,6/17/2014,S5,10/20/2014,21,NA,{ACDF578E-1BE4-48C5-941D-EE34A1B95533},,FALSE,FALSE,6/17/2014
NETN,Northeast Temperate Network,ACAD,Acadia National Park,SCHPOI,Schoodic Point,6/17/2014,U1,10/16/2014,51,NA,{ACDF578E-1BE4-48C5-941D-EE34A1B95533},,FALSE,FALSE,6/17/2014
NETN,Northeast Temperate Network,ACAD,Acadia National Park,SCHPOI,Schoodic Point,6/17/2014,U2,10/16/2014,8,NA,{ACDF578E-1BE4-48C5-941D-EE34A1B95533},,FALSE,FALSE,6/17/2014
NETN,Northeast Temperate Network,ACAD,Acadia National Park,SCHPOI,Schoodic Point,6/17/2014,U3,10/17/2014,38,NA,{ACDF578E-1BE4-48C5-941D-EE34A1B95533},,FALSE,FALSE,6/17/2014
NETN,Northeast Temperate Network,ACAD,Acadia National Park,SCHPOI,Schoodic Point,6/17/2014,U4,10/16/2014,7,NA,{ACDF578E-1BE4-48C5-941D-EE34A1B95533},,FALSE,FALSE,6/17/2014
NETN,Northeast Temperate Network,ACAD,Acadia National Park,SCHPOI,Schoodic Point,6/17/2014,U5,10/16/2014,17,NA,{ACDF578E-1BE4-48C5-941D-EE34A1B95533},,FALSE,FALSE,6/17/2014
NETN,Northeast Temperate Network,ACAD,Acadia National Park,OTTPOI,Otter Point,6/19/2014,S1,10/16/2014,688,NA,{DB1D31D2-F979-4F8D-834F-8B2883643B11},,FALSE,FALSE,6/19/2014
NETN,Northeast Temperate Network,ACAD,Acadia National Park,OTTPOI,Otter Point,6/19/2014,S2,10/16/2014,254,NA,{DB1D31D2-F979-4F8D-834F-8B2883643B11},,FALSE,FALSE,6/19/2014
NETN,Northeast Temperate Network,ACAD,Acadia National Park,OTTPOI,Otter Point,6/19/2014,S3,10/16/2014,18,NA,{DB1D31D2-F979-4F8D-834F-8B2883643B11},,FALSE,FALSE,6/19/2014
NETN,Northeast Temperate Network,ACAD,Acadia National Park,OTTPOI,Otter Point,6/19/2014,S4,10/16/2014,5,NA,{DB1D31D2-F979-4F8D-834F-8B2883643B11},,FALSE,FALSE,6/19/2014
NETN,Northeast Temperate Network,ACAD,Acadia National Park,OTTPOI,Otter Point,6/19/2014,S5,10/16/2014,52,NA,{DB1D31D2-F979-4F8D-834F-8B2883643B11},,FALSE,FALSE,6/19/2014
NETN,Northeast Temperate Network,ACAD,Acadia National Park,OTTPOI,Otter Point,6/19/2014,U1,10/16/2014,183,NA,{DB1D31D2-F979-4F8D-834F-8B2883643B11},,FALSE,FALSE,6/19/2014
NETN,Northeast Temperate Network,ACAD,Acadia National Park,OTTPOI,Otter Point,6/19/2014,U2,10/16/2014,281,NA,{DB1D31D2-F979-4F8D-834F-8B2883643B11},,FALSE,FALSE,6/19/2014
NETN,Northeast Temperate Network,ACAD,Acadia National Park,OTTPOI,Otter Point,6/19/2014,U3,10/16/2014,0,NA,{DB1D31D2-F979-4F8D-834F-8B2883643B11},No recruitment.,FALSE,FALSE,6/19/2014
NETN,Northeast Temperate Network,ACAD,Acadia National Park,OTTPOI,Otter Point,6/19/2014,U4,10/16/2014,0,NA,{DB1D31D2-F979-4F8D-834F-8B2883643B11},No recruitment.,FALSE,FALSE,6/19/2014
NETN,Northeast Temperate Network,ACAD,Acadia National Park,OTTPOI,Otter Point,6/19/2014,U5,10/16/2014,59,NA,{DB1D31D2-F979-4F8D-834F-8B2883643B11},,FALSE,FALSE,6/19/2014
NETN,Northeast Temperate Network,ACAD,Acadia National Park,SHIHAR,Ship Harbor,6/20/2014,S1,10/21/2014,489,NA,{DB1D31D2-F979-4F8D-834F-8B2883643B11},,FALSE,FALSE,6/20/2014
NETN,Northeast Temperate Network,ACAD,Acadia National Park,SHIHAR,Ship Harbor,6/20/2014,S2,10/21/2014,1080,NA,{DB1D31D2-F979-4F8D-834F-8B2883643B11},,FALSE,FALSE,6/20/2014
NETN,Northeast Temperate Network,ACAD,Acadia National Park,SHIHAR,Ship Harbor,6/20/2014,S3,10/21/2014,329,NA,{DB1D31D2-F979-4F8D-834F-8B2883643B11},,FALSE,FALSE,6/20/2014
NETN,Northeast Temperate Network,ACAD,Acadia National Park,SHIHAR,Ship Harbor,6/20/2014,S4,10/21/2014,832,NA,{DB1D31D2-F979-4F8D-834F-8B2883643B11},,FALSE,FALSE,6/20/2014
NETN,Northeast Temperate Network,ACAD,Acadia National Park,SHIHAR,Ship Harbor,6/20/2014,S5,10/21/2014,491,NA,{DB1D31D2-F979-4F8D-834F-8B2883643B11},,FALSE,FALSE,6/20/2014
NETN,Northeast Temperate Network,ACAD,Acadia National Park,SHIHAR,Ship Harbor,6/20/2014,U1,10/24/2014,589,NA,{DB1D31D2-F979-4F8D-834F-8B2883643B11},,FALSE,FALSE,6/20/2014
NETN,Northeast Temperate Network,ACAD,Acadia National Park,SHIHAR,Ship Harbor,6/20/2014,U2,10/24/2014,553,NA,{DB1D31D2-F979-4F8D-834F-8B2883643B11},,FALSE,FALSE,6/20/2014
NETN,Northeast Temperate Network,ACAD,Acadia National Park,SHIHAR,Ship Harbor,6/20/2014,U3,10/24/2014,127,NA,{DB1D31D2-F979-4F8D-834F-8B2883643B11},,FALSE,FALSE,6/20/2014
NETN,Northeast Temperate Network,ACAD,Acadia National Park,SHIHAR,Ship Harbor,6/20/2014,U4,10/24/2014,205,NA,{DB1D31D2-F979-4F8D-834F-8B2883643B11},,FALSE,FALSE,6/20/2014
NETN,Northeast Temperate Network,ACAD,Acadia National Park,SHIHAR,Ship Harbor,6/20/2014,U5,10/24/2014,278,NA,{DB1D31D2-F979-4F8D-834F-8B2883643B11},,FALSE,FALSE,6/20/2014
NETN,Northeast Temperate Network,ACAD,Acadia National Park,BASHAR,Bass Harbor,6/21/2014,S1,10/14/2014,972,NA,{DB1D31D2-F979-4F8D-834F-8B2883643B11},,FALSE,FALSE,6/21/2014
NETN,Northeast Temperate Network,ACAD,Acadia National Park,BASHAR,Bass Harbor,6/21/2014,S2,10/14/2014,1430,NA,{DB1D31D2-F979-4F8D-834F-8B2883643B11},,FALSE,FALSE,6/21/2014
NETN,Northeast Temperate Network,ACAD,Acadia National Park,BASHAR,Bass Harbor,6/21/2014,S3,10/14/2014,1381,NA,{DB1D31D2-F979-4F8D-834F-8B2883643B11},,FALSE,FALSE,6/21/2014
NETN,Northeast Temperate Network,ACAD,Acadia National Park,BASHAR,Bass Harbor,6/21/2014,S4,10/15/2014,1110,NA,{DB1D31D2-F979-4F8D-834F-8B2883643B11},,FALSE,FALSE,6/21/2014
NETN,Northeast Temperate Network,ACAD,Acadia National Park,BASHAR,Bass Harbor,6/21/2014,S5,10/15/2014,1333,NA,{DB1D31D2-F979-4F8D-834F-8B2883643B11},,FALSE,FALSE,6/21/2014
NETN,Northeast Temperate Network,ACAD,Acadia National Park,BASHAR,Bass Harbor,6/21/2014,U1,10/15/2014,478,NA,{DB1D31D2-F979-4F8D-834F-8B2883643B11},,FALSE,FALSE,6/21/2014
NETN,Northeast Temperate Network,ACAD,Acadia National Park,BASHAR,Bass Harbor,6/21/2014,U2,10/15/2014,677,NA,{DB1D31D2-F979-4F8D-834F-8B2883643B11},,FALSE,FALSE,6/21/2014
NETN,Northeast Temperate Network,ACAD,Acadia National Park,BASHAR,Bass Harbor,6/21/2014,U3,10/15/2014,573,NA,{DB1D31D2-F979-4F8D-834F-8B2883643B11},,FALSE,FALSE,6/21/2014
NETN,Northeast Temperate Network,ACAD,Acadia National Park,BASHAR,Bass Harbor,6/21/2014,U4,10/15/2014,0,NA,{DB1D31D2-F979-4F8D-834F-8B2883643B11},No recruitment.,FALSE,FALSE,6/21/2014
NETN,Northeast Temperate Network,ACAD,Acadia National Park,BASHAR,Bass Harbor,6/21/2014,U5,10/15/2014,914,NA,{DB1D31D2-F979-4F8D-834F-8B2883643B11},,FALSE,FALSE,6/21/2014
NETN,Northeast Temperate Network,ACAD,Acadia National Park,SCHPOI,Schoodic Point,6/22/2014,S1,10/27/2014,69,New Box,{DB1D31D2-F979-4F8D-834F-8B2883643B11},,FALSE,TRUE,6/22/2014
NETN,Northeast Temperate Network,ACAD,Acadia National Park,SCHPOI,Schoodic Point,6/22/2014,S1,10/20/2014,67,NA,{ACDF578E-1BE4-48C5-941D-EE34A1B95533},,FALSE,TRUE,6/22/2014
NETN,Northeast Temperate Network,ACAD,Acadia National Park,SCHPOI,Schoodic Point,6/22/2014,S2,10/27/2014,55,New Box,{DB1D31D2-F979-4F8D-834F-8B2883643B11},,FALSE,TRUE,6/22/2014
NETN,Northeast Temperate Network,ACAD,Acadia National Park,SCHPOI,Schoodic Point,6/22/2014,S2,10/20/2014,52,NA,{ACDF578E-1BE4-48C5-941D-EE34A1B95533},,FALSE,TRUE,6/22/2014
NETN,Northeast Temperate Network,ACAD,Acadia National Park,SCHPOI,Schoodic Point,6/22/2014,S3,10/20/2014,36,NA,{ACDF578E-1BE4-48C5-941D-EE34A1B95533},,FALSE,TRUE,6/22/2014
NETN,Northeast Temperate Network,ACAD,Acadia National Park,SCHPOI,Schoodic Point,6/22/2014,S3,10/27/2014,37,New Box,{DB1D31D2-F979-4F8D-834F-8B2883643B11},,FALSE,TRUE,6/22/2014
NETN,Northeast Temperate Network,ACAD,Acadia National Park,SCHPOI,Schoodic Point,6/22/2014,S4,10/27/2014,14,New Box,{DB1D31D2-F979-4F8D-834F-8B2883643B11},,FALSE,TRUE,6/22/2014
NETN,Northeast Temperate Network,ACAD,Acadia National Park,SCHPOI,Schoodic Point,6/22/2014,S4,10/20/2014,13,NA,{ACDF578E-1BE4-48C5-941D-EE34A1B95533},,FALSE,TRUE,6/22/2014
NETN,Northeast Temperate Network,ACAD,Acadia National Park,SCHPOI,Schoodic Point,6/22/2014,S5,10/27/2014,27,New Box,{DB1D31D2-F979-4F8D-834F-8B2883643B11},,FALSE,TRUE,6/22/2014
NETN,Northeast Temperate Network,ACAD,Acadia National Park,SCHPOI,Schoodic Point,6/22/2014,S5,10/20/2014,25,NA,{ACDF578E-1BE4-48C5-941D-EE34A1B95533},,FALSE,TRUE,6/22/2014
NETN,Northeast Temperate Network,ACAD,Acadia National Park,SCHPOI,Schoodic Point,6/8/2015,S1,10/15/2016,2419,NA,{329201E2-39A6-4EF2-9516-3AD4F3FBA976},,FALSE,FALSE,6/8/2015
NETN,Northeast Temperate Network,ACAD,Acadia National Park,SCHPOI,Schoodic Point,6/8/2015,S2,10/15/2016,2791,NA,{329201E2-39A6-4EF2-9516-3AD4F3FBA976},,FALSE,FALSE,6/8/2015
NETN,Northeast Temperate Network,ACAD,Acadia National Park,SCHPOI,Schoodic Point,6/8/2015,S4,10/15/2016,690,NA,{329201E2-39A6-4EF2-9516-3AD4F3FBA976},,FALSE,FALSE,6/8/2015
NETN,Northeast Temperate Network,ACAD,Acadia National Park,SCHPOI,Schoodic Point,6/8/2015,S5,10/15/2016,1233,NA,{329201E2-39A6-4EF2-9516-3AD4F3FBA976},There is a layer of water over the plot and the relfection makes the barnacles difficult to count and I may have missed some.,FALSE,FALSE,6/8/2015
NETN,Northeast Temperate Network,ACAD,Acadia National Park,SCHPOI,Schoodic Point,6/8/2015,U1,10/15/2016,3092,NA,{329201E2-39A6-4EF2-9516-3AD4F3FBA976},,FALSE,FALSE,6/8/2015
NETN,Northeast Temperate Network,ACAD,Acadia National Park,SCHPOI,Schoodic Point,6/8/2015,U2,10/15/2016,2166,NA,{329201E2-39A6-4EF2-9516-3AD4F3FBA976},,FALSE,FALSE,6/8/2015
NETN,Northeast Temperate Network,ACAD,Acadia National Park,SCHPOI,Schoodic Point,6/8/2015,U3,10/15/2016,802,NA,{329201E2-39A6-4EF2-9516-3AD4F3FBA976},,FALSE,FALSE,6/8/2015
NETN,Northeast Temperate Network,ACAD,Acadia National Park,SCHPOI,Schoodic Point,6/8/2015,U4,10/15/2016,778,NA,{329201E2-39A6-4EF2-9516-3AD4F3FBA976},,FALSE,FALSE,6/8/2015
NETN,Northeast Temperate Network,ACAD,Acadia National Park,SCHPOI,Schoodic Point,6/8/2015,U5,10/15/2016,1107,NA,{329201E2-39A6-4EF2-9516-3AD4F3FBA976},,FALSE,FALSE,6/8/2015
NETN,Northeast Temperate Network,ACAD,Acadia National Park,OTTPOI,Otter Point,6/10/2015,S1,10/15/2016,1096,NA,{329201E2-39A6-4EF2-9516-3AD4F3FBA976},"Many of the barnacles were difficult to see on the rock and I was conservative about what to call a barnacle. So, I may have missed some. - EHM",FALSE,FALSE,6/10/2015
NETN,Northeast Temperate Network,ACAD,Acadia National Park,OTTPOI,Otter Point,6/10/2015,S2,10/15/2015,337,NA,{329201E2-39A6-4EF2-9516-3AD4F3FBA976},,FALSE,FALSE,6/10/2015
NETN,Northeast Temperate Network,ACAD,Acadia National Park,OTTPOI,Otter Point,6/10/2015,S3,10/15/2016,13,NA,{329201E2-39A6-4EF2-9516-3AD4F3FBA976},,FALSE,FALSE,6/10/2015
NETN,Northeast Temperate Network,ACAD,Acadia National Park,OTTPOI,Otter Point,6/10/2015,S4,10/15/2016,25,NA,{329201E2-39A6-4EF2-9516-3AD4F3FBA976},,FALSE,FALSE,6/10/2015
NETN,Northeast Temperate Network,ACAD,Acadia National Park,OTTPOI,Otter Point,6/10/2015,S5,10/15/2016,91,NA,{329201E2-39A6-4EF2-9516-3AD4F3FBA976},,FALSE,FALSE,6/10/2015
NETN,Northeast Temperate Network,ACAD,Acadia National Park,OTTPOI,Otter Point,6/10/2015,U1,10/15/2016,375,NA,{329201E2-39A6-4EF2-9516-3AD4F3FBA976},,FALSE,FALSE,6/10/2015
NETN,Northeast Temperate Network,ACAD,Acadia National Park,OTTPOI,Otter Point,6/10/2015,U2,10/15/2016,158,NA,{329201E2-39A6-4EF2-9516-3AD4F3FBA976},,FALSE,FALSE,6/10/2015
NETN,Northeast Temperate Network,ACAD,Acadia National Park,OTTPOI,Otter Point,6/10/2015,U3,10/15/2016,5,NA,{329201E2-39A6-4EF2-9516-3AD4F3FBA976},,FALSE,FALSE,6/10/2015
NETN,Northeast Temperate Network,ACAD,Acadia National Park,SHIHAR,Ship Harbor,6/11/2015,S1,,1889,NA,{329201E2-39A6-4EF2-9516-3AD4F3FBA976},Scoring date not known.,FALSE,FALSE,6/11/2015
NETN,Northeast Temperate Network,ACAD,Acadia National Park,SHIHAR,Ship Harbor,6/11/2015,S2,,2626,NA,{329201E2-39A6-4EF2-9516-3AD4F3FBA976},Scoring date not known.,FALSE,FALSE,6/11/2015
NETN,Northeast Temperate Network,ACAD,Acadia National Park,SHIHAR,Ship Harbor,6/11/2015,S3,,1871,NA,{329201E2-39A6-4EF2-9516-3AD4F3FBA976},Scoring date not known.,FALSE,FALSE,6/11/2015
NETN,Northeast Temperate Network,ACAD,Acadia National Park,SHIHAR,Ship Harbor,6/11/2015,S4,,2208,NA,{329201E2-39A6-4EF2-9516-3AD4F3FBA976},Scoring date not known.,FALSE,FALSE,6/11/2015
NETN,Northeast Temperate Network,ACAD,Acadia National Park,SHIHAR,Ship Harbor,6/11/2015,S5,,2402,NA,{329201E2-39A6-4EF2-9516-3AD4F3FBA976},Scoring date not known.,FALSE,FALSE,6/11/2015
NETN,Northeast Temperate Network,ACAD,Acadia National Park,SHIHAR,Ship Harbor,6/11/2015,U1,,1942,NA,{329201E2-39A6-4EF2-9516-3AD4F3FBA976},Scoring date not known.,FALSE,FALSE,6/11/2015
NETN,Northeast Temperate Network,ACAD,Acadia National Park,SHIHAR,Ship Harbor,6/11/2015,U2,,1283,NA,{329201E2-39A6-4EF2-9516-3AD4F3FBA976},Scoring date not known.,FALSE,FALSE,6/11/2015
NETN,Northeast Temperate Network,ACAD,Acadia National Park,SHIHAR,Ship Harbor,6/11/2015,U3,,1816,NA,{329201E2-39A6-4EF2-9516-3AD4F3FBA976},Scoring date not known.,FALSE,FALSE,6/11/2015
NETN,Northeast Temperate Network,ACAD,Acadia National Park,SHIHAR,Ship Harbor,6/11/2015,U4,,2258,NA,{329201E2-39A6-4EF2-9516-3AD4F3FBA976},Scoring date not known.,FALSE,FALSE,6/11/2015
NETN,Northeast Temperate Network,ACAD,Acadia National Park,SHIHAR,Ship Harbor,6/11/2015,U5,,2443,NA,{329201E2-39A6-4EF2-9516-3AD4F3FBA976},Scoring date not known.,FALSE,FALSE,6/11/2015
NETN,Northeast Temperate Network,ACAD,Acadia National Park,BASHAR,Bass Harbor,6/12/2015,S1,10/15/2016,2249,NA,{329201E2-39A6-4EF2-9516-3AD4F3FBA976},,FALSE,FALSE,6/12/2015
NETN,Northeast Temperate Network,ACAD,Acadia National Park,BASHAR,Bass Harbor,6/12/2015,S1,10/15/2016,2356,New Box,{D211DA37-34B9-4BC0-B1B6-667131353817},,FALSE,FALSE,6/12/2015
NETN,Northeast Temperate Network,ACAD,Acadia National Park,BASHAR,Bass Harbor,6/12/2015,S2,10/15/2016,1722,NA,{329201E2-39A6-4EF2-9516-3AD4F3FBA976},,FALSE,FALSE,6/12/2015
NETN,Northeast Temperate Network,ACAD,Acadia National Park,BASHAR,Bass Harbor,6/12/2015,S3,10/15/2016,1754,NA,{329201E2-39A6-4EF2-9516-3AD4F3FBA976},,FALSE,FALSE,6/12/2015
NETN,Northeast Temperate Network,ACAD,Acadia National Park,BASHAR,Bass Harbor,6/12/2015,S4,10/15/2016,1790,NA,{329201E2-39A6-4EF2-9516-3AD4F3FBA976},,FALSE,FALSE,6/12/2015
NETN,Northeast Temperate Network,ACAD,Acadia National Park,BASHAR,Bass Harbor,6/12/2015,S5,10/15/2016,1760,NA,{329201E2-39A6-4EF2-9516-3AD4F3FBA976},,FALSE,FALSE,6/12/2015
NETN,Northeast Temperate Network,ACAD,Acadia National Park,BASHAR,Bass Harbor,6/12/2015,U1,10/15/2016,1707,NA,{329201E2-39A6-4EF2-9516-3AD4F3FBA976},,FALSE,FALSE,6/12/2015
NETN,Northeast Temperate Network,ACAD,Acadia National Park,BASHAR,Bass Harbor,6/12/2015,U2,10/15/2016,780,NA,{329201E2-39A6-4EF2-9516-3AD4F3FBA976},,FALSE,FALSE,6/12/2015
NETN,Northeast Temperate Network,ACAD,Acadia National Park,BASHAR,Bass Harbor,6/12/2015,U3,10/15/2016,1256,NA,{329201E2-39A6-4EF2-9516-3AD4F3FBA976},,FALSE,FALSE,6/12/2015
NETN,Northeast Temperate Network,ACAD,Acadia National Park,BASHAR,Bass Harbor,6/12/2015,U4,10/15/2016,1506,NA,{329201E2-39A6-4EF2-9516-3AD4F3FBA976},,FALSE,FALSE,6/12/2015
NETN,Northeast Temperate Network,ACAD,Acadia National Park,BASHAR,Bass Harbor,6/12/2015,U5,10/15/2016,1007,NA,{329201E2-39A6-4EF2-9516-3AD4F3FBA976},,FALSE,FALSE,6/12/2015
NETN,Northeast Temperate Network,ACAD,Acadia National Park,SCHPOI,Schoodic Point,6/24/2016,S1,10/15/2016,468,NA,{329201E2-39A6-4EF2-9516-3AD4F3FBA976},,FALSE,FALSE,6/24/2016
NETN,Northeast Temperate Network,ACAD,Acadia National Park,SCHPOI,Schoodic Point,6/24/2016,S2,10/15/2016,571,NA,{329201E2-39A6-4EF2-9516-3AD4F3FBA976},,FALSE,FALSE,6/24/2016
NETN,Northeast Temperate Network,ACAD,Acadia National Park,SCHPOI,Schoodic Point,6/24/2016,S3,10/15/2016,6,NA,{329201E2-39A6-4EF2-9516-3AD4F3FBA976},,FALSE,FALSE,6/24/2016
NETN,Northeast Temperate Network,ACAD,Acadia National Park,SCHPOI,Schoodic Point,6/24/2016,S4,10/15/2016,9,NA,{329201E2-39A6-4EF2-9516-3AD4F3FBA976},,FALSE,FALSE,6/24/2016
NETN,Northeast Temperate Network,ACAD,Acadia National Park,SCHPOI,Schoodic Point,6/24/2016,S5,10/15/2016,46,NA,{329201E2-39A6-4EF2-9516-3AD4F3FBA976},,FALSE,FALSE,6/24/2016
NETN,Northeast Temperate Network,ACAD,Acadia National Park,SCHPOI,Schoodic Point,6/24/2016,U1,10/15/2016,529,NA,{329201E2-39A6-4EF2-9516-3AD4F3FBA976},,FALSE,FALSE,6/24/2016
NETN,Northeast Temperate Network,ACAD,Acadia National Park,SCHPOI,Schoodic Point,6/24/2016,U2,10/15/2016,137,NA,{329201E2-39A6-4EF2-9516-3AD4F3FBA976},,FALSE,FALSE,6/24/2016
NETN,Northeast Temperate Network,ACAD,Acadia National Park,SCHPOI,Schoodic Point,6/24/2016,U3,10/15/2016,13,NA,{329201E2-39A6-4EF2-9516-3AD4F3FBA976},,FALSE,FALSE,6/24/2016
NETN,Northeast Temperate Network,ACAD,Acadia National Park,SCHPOI,Schoodic Point,6/24/2016,U4,10/15/2016,15,NA,{329201E2-39A6-4EF2-9516-3AD4F3FBA976},,FALSE,FALSE,6/24/2016
NETN,Northeast Temperate Network,ACAD,Acadia National Park,SCHPOI,Schoodic Point,6/24/2016,U5,10/15/2016,45,NA,{329201E2-39A6-4EF2-9516-3AD4F3FBA976},,FALSE,FALSE,6/24/2016
NETN,Northeast Temperate Network,ACAD,Acadia National Park,OTTPOI,Otter Point,6/26/2016,S1,10/15/2016,91,NA,{329201E2-39A6-4EF2-9516-3AD4F3FBA976},,FALSE,FALSE,6/26/2016
NETN,Northeast Temperate Network,ACAD,Acadia National Park,OTTPOI,Otter Point,6/26/2016,S2,10/15/2016,11,NA,{329201E2-39A6-4EF2-9516-3AD4F3FBA976},,FALSE,FALSE,6/26/2016
NETN,Northeast Temperate Network,ACAD,Acadia National Park,OTTPOI,Otter Point,6/26/2016,S3,10/15/2016,4,NA,{329201E2-39A6-4EF2-9516-3AD4F3FBA976},,FALSE,FALSE,6/26/2016
NETN,Northeast Temperate Network,ACAD,Acadia National Park,OTTPOI,Otter Point,6/26/2016,S4,10/15/2016,2,NA,{329201E2-39A6-4EF2-9516-3AD4F3FBA976},,FALSE,FALSE,6/26/2016
NETN,Northeast Temperate Network,ACAD,Acadia National Park,OTTPOI,Otter Point,6/26/2016,S5,10/15/2016,5,NA,{329201E2-39A6-4EF2-9516-3AD4F3FBA976},,FALSE,FALSE,6/26/2016
NETN,Northeast Temperate Network,ACAD,Acadia National Park,OTTPOI,Otter Point,6/26/2016,U1,10/15/2016,22,NA,{329201E2-39A6-4EF2-9516-3AD4F3FBA976},,FALSE,FALSE,6/26/2016
NETN,Northeast Temperate Network,ACAD,Acadia National Park,OTTPOI,Otter Point,6/26/2016,U2,10/15/2016,13,NA,{329201E2-39A6-4EF2-9516-3AD4F3FBA976},,FALSE,FALSE,6/26/2016
NETN,Northeast Temperate Network,ACAD,Acadia National Park,OTTPOI,Otter Point,6/26/2016,U3,10/15/2016,0,NA,{329201E2-39A6-4EF2-9516-3AD4F3FBA976},No recruitment.,FALSE,FALSE,6/26/2016
NETN,Northeast Temperate Network,ACAD,Acadia National Park,OTTPOI,Otter Point,6/26/2016,U4,10/15/2016,2,NA,{329201E2-39A6-4EF2-9516-3AD4F3FBA976},,FALSE,FALSE,6/26/2016
NETN,Northeast Temperate Network,ACAD,Acadia National Park,OTTPOI,Otter Point,6/26/2016,U5,10/15/2016,15,NA,{329201E2-39A6-4EF2-9516-3AD4F3FBA976},,FALSE,FALSE,6/26/2016
NETN,Northeast Temperate Network,ACAD,Acadia National Park,BASHAR,Bass Harbor,6/28/2016,S1,10/15/2016,26,NA,{329201E2-39A6-4EF2-9516-3AD4F3FBA976},,FALSE,FALSE,6/28/2016
NETN,Northeast Temperate Network,ACAD,Acadia National Park,BASHAR,Bass Harbor,6/28/2016,S2,10/15/2016,6,NA,{329201E2-39A6-4EF2-9516-3AD4F3FBA976},,FALSE,FALSE,6/28/2016
NETN,Northeast Temperate Network,ACAD,Acadia National Park,BASHAR,Bass Harbor,6/28/2016,S3,10/15/2016,2,NA,{329201E2-39A6-4EF2-9516-3AD4F3FBA976},,FALSE,FALSE,6/28/2016
NETN,Northeast Temperate Network,ACAD,Acadia National Park,BASHAR,Bass Harbor,6/28/2016,S4,10/15/2016,24,NA,{329201E2-39A6-4EF2-9516-3AD4F3FBA976},,FALSE,FALSE,6/28/2016
NETN,Northeast Temperate Network,ACAD,Acadia National Park,BASHAR,Bass Harbor,6/28/2016,S5,10/15/2016,86,NA,{329201E2-39A6-4EF2-9516-3AD4F3FBA976},,FALSE,FALSE,6/28/2016
NETN,Northeast Temperate Network,ACAD,Acadia National Park,BASHAR,Bass Harbor,6/28/2016,U1,10/15/2016,72,NA,{329201E2-39A6-4EF2-9516-3AD4F3FBA976},,FALSE,FALSE,6/28/2016
NETN,Northeast Temperate Network,ACAD,Acadia National Park,BASHAR,Bass Harbor,6/28/2016,U2,10/15/2016,2,NA,{329201E2-39A6-4EF2-9516-3AD4F3FBA976},,FALSE,FALSE,6/28/2016
NETN,Northeast Temperate Network,ACAD,Acadia National Park,BASHAR,Bass Harbor,6/28/2016,U3,10/15/2016,11,NA,{329201E2-39A6-4EF2-9516-3AD4F3FBA976},,FALSE,FALSE,6/28/2016
NETN,Northeast Temperate Network,ACAD,Acadia National Park,BASHAR,Bass Harbor,6/28/2016,U4,10/15/2016,15,NA,{329201E2-39A6-4EF2-9516-3AD4F3FBA976},,FALSE,FALSE,6/28/2016
NETN,Northeast Temperate Network,ACAD,Acadia National Park,BASHAR,Bass Harbor,6/28/2016,U5,10/15/2016,29,NA,{329201E2-39A6-4EF2-9516-3AD4F3FBA976},,FALSE,FALSE,6/28/2016
NETN,Northeast Temperate Network,ACAD,Acadia National Park,SHIHAR,Ship Harbor,6/29/2016,S1,10/15/2016,88,NA,{329201E2-39A6-4EF2-9516-3AD4F3FBA976},,FALSE,FALSE,6/29/2016
NETN,Northeast Temperate Network,ACAD,Acadia National Park,SHIHAR,Ship Harbor,6/29/2016,S2,10/15/2016,128,NA,{329201E2-39A6-4EF2-9516-3AD4F3FBA976},,FALSE,FALSE,6/29/2016
NETN,Northeast Temperate Network,ACAD,Acadia National Park,SHIHAR,Ship Harbor,6/29/2016,S3,10/15/2016,69,NA,{329201E2-39A6-4EF2-9516-3AD4F3FBA976},,FALSE,FALSE,6/29/2016
NETN,Northeast Temperate Network,ACAD,Acadia National Park,SHIHAR,Ship Harbor,6/29/2016,S4,10/15/2016,112,NA,{329201E2-39A6-4EF2-9516-3AD4F3FBA976},,FALSE,FALSE,6/29/2016
NETN,Northeast Temperate Network,ACAD,Acadia National Park,SHIHAR,Ship Harbor,6/29/2016,S5,10/15/2016,239,NA,{329201E2-39A6-4EF2-9516-3AD4F3FBA976},,FALSE,FALSE,6/29/2016
NETN,Northeast Temperate Network,ACAD,Acadia National Park,SHIHAR,Ship Harbor,6/29/2016,U1,10/15/2016,80,NA,{329201E2-39A6-4EF2-9516-3AD4F3FBA976},,FALSE,FALSE,6/29/2016
NETN,Northeast Temperate Network,ACAD,Acadia National Park,SHIHAR,Ship Harbor,6/29/2016,U2,10/15/2016,190,NA,{329201E2-39A6-4EF2-9516-3AD4F3FBA976},,FALSE,FALSE,6/29/2016
NETN,Northeast Temperate Network,ACAD,Acadia National Park,SHIHAR,Ship Harbor,6/29/2016,U3,10/15/2016,102,NA,{329201E2-39A6-4EF2-9516-3AD4F3FBA976},,FALSE,FALSE,6/29/2016
NETN,Northeast Temperate Network,ACAD,Acadia National Park,SHIHAR,Ship Harbor,6/29/2016,U4,10/15/2016,37,NA,{329201E2-39A6-4EF2-9516-3AD4F3FBA976},,FALSE,FALSE,6/29/2016
NETN,Northeast Temperate Network,ACAD,Acadia National Park,SHIHAR,Ship Harbor,6/29/2016,U5,10/15/2016,80,NA,{329201E2-39A6-4EF2-9516-3AD4F3FBA976},,FALSE,FALSE,6/29/2016
NETN,Northeast Temperate Network,ACAD,Acadia National Park,BASHAR,Bass Harbor,5/18/2018,S1,10/1/2018,33,Same Box,{18251823-88C5-4AF7-B659-AA9803A94243},Counted barnacles from photo that ELS had created to learn/test,FALSE,FALSE,5/18/2018
NETN,Northeast Temperate Network,ACAD,Acadia National Park,BASHAR,Bass Harbor,5/18/2018,S1,6/5/2018,25,NA,{ACDF578E-1BE4-48C5-941D-EE34A1B95533},Ran existing file in ImageJ,FALSE,FALSE,5/18/2018
NETN,Northeast Temperate Network,ACAD,Acadia National Park,LITMOO,Little Moose,5/18/2018,S1,10/1/2018,4,NA,{18251823-88C5-4AF7-B659-AA9803A94243},,FALSE,FALSE,5/18/2018
NETN,Northeast Temperate Network,ACAD,Acadia National Park,LITMOO,Little Moose,5/18/2018,S2,10/1/2018,1,NA,{18251823-88C5-4AF7-B659-AA9803A94243},,FALSE,FALSE,5/18/2018
NETN,Northeast Temperate Network,ACAD,Acadia National Park,BASHAR,Bass Harbor,5/18/2018,S2,10/1/2018,44,NA,{18251823-88C5-4AF7-B659-AA9803A94243},"Marked barnacles where operculum was  clearly visible, there are others I thought were barnacles but did not see an operculum or were obscured by algae",FALSE,FALSE,5/18/2018
NETN,Northeast Temperate Network,ACAD,Acadia National Park,LITMOO,Little Moose,5/18/2018,S3,10/1/2018,3,NA,{18251823-88C5-4AF7-B659-AA9803A94243},,FALSE,FALSE,5/18/2018
NETN,Northeast Temperate Network,ACAD,Acadia National Park,BASHAR,Bass Harbor,5/18/2018,S3,10/1/2018,12,NA,{18251823-88C5-4AF7-B659-AA9803A94243},,FALSE,FALSE,5/18/2018
NETN,Northeast Temperate Network,ACAD,Acadia National Park,LITMOO,Little Moose,5/18/2018,S4,10/1/2018,4,NA,{18251823-88C5-4AF7-B659-AA9803A94243},,FALSE,FALSE,5/18/2018
NETN,Northeast Temperate Network,ACAD,Acadia National Park,BASHAR,Bass Harbor,5/18/2018,S4,10/1/2018,69,NA,{18251823-88C5-4AF7-B659-AA9803A94243},"Algae covering >75% of plot, only marked barnacles that I was sure had visible operculum",FALSE,FALSE,5/18/2018
NETN,Northeast Temperate Network,ACAD,Acadia National Park,BASHAR,Bass Harbor,5/18/2018,S5,10/1/2018,341,NA,{18251823-88C5-4AF7-B659-AA9803A94243},Rocks look deceptively like barnacles. Marked all that I was certain had visible operculum,FALSE,FALSE,5/18/2018
NETN,Northeast Temperate Network,ACAD,Acadia National Park,LITMOO,Little Moose,5/18/2018,S5,10/1/2018,0,NA,{18251823-88C5-4AF7-B659-AA9803A94243},No recruitment.,FALSE,FALSE,5/18/2018
NETN,Northeast Temperate Network,ACAD,Acadia National Park,LITHUN,Little Hunter,5/19/2018,S1,10/1/2018,5,NA,{18251823-88C5-4AF7-B659-AA9803A94243},,FALSE,FALSE,5/19/2018
NETN,Northeast Temperate Network,ACAD,Acadia National Park,LITHUN,Little Hunter,5/19/2018,S2,10/1/2018,2,NA,{18251823-88C5-4AF7-B659-AA9803A94243},,FALSE,FALSE,5/19/2018
NETN,Northeast Temperate Network,ACAD,Acadia National Park,LITHUN,Little Hunter,5/19/2018,S3,10/1/2018,5,NA,{18251823-88C5-4AF7-B659-AA9803A94243},"~20 large barnacles not counted (improperly scraped end of last season), but few new settled ones",FALSE,FALSE,5/19/2018
NETN,Northeast Temperate Network,ACAD,Acadia National Park,LITHUN,Little Hunter,5/19/2018,S4,10/1/2018,0,NA,{18251823-88C5-4AF7-B659-AA9803A94243},No recruitment.,FALSE,FALSE,5/19/2018
NETN,Northeast Temperate Network,ACAD,Acadia National Park,LITHUN,Little Hunter,5/19/2018,S5,10/1/2018,2,NA,{18251823-88C5-4AF7-B659-AA9803A94243},,FALSE,FALSE,5/19/2018
NETN,Northeast Temperate Network,ACAD,Acadia National Park,OTTPOI,Otter Point,5/20/2018,S1,10/1/2018,8,NA,{18251823-88C5-4AF7-B659-AA9803A94243},"Both possible images blurry, water on camera lens or very wet on ground. At least 1/3 of image was blurry. Confident that I found the barnacles that were present",FALSE,FALSE,5/20/2018
NETN,Northeast Temperate Network,ACAD,Acadia National Park,OTTPOI,Otter Point,5/20/2018,S2,10/1/2018,3,NA,{18251823-88C5-4AF7-B659-AA9803A94243},"Both possible images blurry, water on camera lens or very wet on ground. At least 1/3 of image was blurry. Confident that I found the barnacles that were present",FALSE,FALSE,5/20/2018
NETN,Northeast Temperate Network,ACAD,Acadia National Park,OTTPOI,Otter Point,5/20/2018,S3,10/1/2018,0,NA,{18251823-88C5-4AF7-B659-AA9803A94243},"No recruitment.  However, both possible images blurry, water on camera lens or very wet on ground. At least 1/3 of image was blurry. Confident that I found the barnacles that were present.",FALSE,FALSE,5/20/2018
NETN,Northeast Temperate Network,ACAD,Acadia National Park,OTTPOI,Otter Point,5/20/2018,S4,10/1/2018,1,NA,{18251823-88C5-4AF7-B659-AA9803A94243},"Both possible images blurry, water on camera lens or very wet on ground. At least 1/3 of image was blurry. Confident that I found the barnacles that were present",FALSE,FALSE,5/20/2018
NETN,Northeast Temperate Network,ACAD,Acadia National Park,OTTPOI,Otter Point,5/20/2018,S5,10/1/2018,1,NA,{18251823-88C5-4AF7-B659-AA9803A94243},"Both possible images blurry, water on camera lens or very wet on ground. At least 1/3 of image was blurry. Confident that I found the barnacles that were present",FALSE,FALSE,5/20/2018
NETN,Northeast Temperate Network,ACAD,Acadia National Park,SHIHAR,Ship Harbor,5/21/2018,S1,10/1/2018,203,NA,{18251823-88C5-4AF7-B659-AA9803A94243},"Algae covering >75% of plot, only marked barnacles that I was sure had visible operculum",FALSE,FALSE,5/21/2018
NETN,Northeast Temperate Network,ACAD,Acadia National Park,SHIHAR,Ship Harbor,5/21/2018,S2,10/1/2018,389,NA,{18251823-88C5-4AF7-B659-AA9803A94243},"Some algae on plot, rock looks very convincingly like barnacles",FALSE,FALSE,5/21/2018
NETN,Northeast Temperate Network,ACAD,Acadia National Park,SHIHAR,Ship Harbor,5/21/2018,S3,10/1/2018,276,NA,{18251823-88C5-4AF7-B659-AA9803A94243},,FALSE,FALSE,5/21/2018
NETN,Northeast Temperate Network,ACAD,Acadia National Park,SHIHAR,Ship Harbor,5/21/2018,S4,10/1/2018,650,NA,{18251823-88C5-4AF7-B659-AA9803A94243},,FALSE,FALSE,5/21/2018
NETN,Northeast Temperate Network,ACAD,Acadia National Park,SHIHAR,Ship Harbor,5/21/2018,S5,10/1/2018,517,NA,{18251823-88C5-4AF7-B659-AA9803A94243},,FALSE,FALSE,5/21/2018
NETN,Northeast Temperate Network,ACAD,Acadia National Park,SCHPOI,Schoodic Point,5/24/2018,S1,10/1/2018,17,NA,{18251823-88C5-4AF7-B659-AA9803A94243},,FALSE,FALSE,5/24/2018
NETN,Northeast Temperate Network,ACAD,Acadia National Park,SCHPOI,Schoodic Point,5/24/2018,S2,10/1/2018,14,NA,{18251823-88C5-4AF7-B659-AA9803A94243},,FALSE,FALSE,5/24/2018
NETN,Northeast Temperate Network,ACAD,Acadia National Park,SCHPOI,Schoodic Point,5/24/2018,S3,10/1/2018,15,NA,{18251823-88C5-4AF7-B659-AA9803A94243},,FALSE,FALSE,5/24/2018
NETN,Northeast Temperate Network,ACAD,Acadia National Park,SCHPOI,Schoodic Point,5/24/2018,S4,10/1/2018,3,NA,{18251823-88C5-4AF7-B659-AA9803A94243},,FALSE,FALSE,5/24/2018
NETN,Northeast Temperate Network,ACAD,Acadia National Park,SCHPOI,Schoodic Point,5/24/2018,S5,10/1/2018,10,NA,{18251823-88C5-4AF7-B659-AA9803A94243},,FALSE,FALSE,5/24/2018
NETN,Northeast Temperate Network,ACAD,Acadia National Park,LITMOO,Little Moose,6/7/2019,S1,,1,NA,{31CA9422-406C-4C6C-A7F4-10C09C12F7C3},Scoring date not known.,FALSE,FALSE,6/7/2019
NETN,Northeast Temperate Network,ACAD,Acadia National Park,LITMOO,Little Moose,6/7/2019,S2,,0,NA,{31CA9422-406C-4C6C-A7F4-10C09C12F7C3},No recruitment. Scoring date not known.,FALSE,FALSE,6/7/2019
NETN,Northeast Temperate Network,ACAD,Acadia National Park,LITMOO,Little Moose,6/7/2019,S3,,0,NA,{31CA9422-406C-4C6C-A7F4-10C09C12F7C3},No recruitment. Scoring date not known.,FALSE,FALSE,6/7/2019
NETN,Northeast Temperate Network,ACAD,Acadia National Park,LITMOO,Little Moose,6/7/2019,S4,,0,NA,{31CA9422-406C-4C6C-A7F4-10C09C12F7C3},No recruitment. Scoring date not known.,FALSE,FALSE,6/7/2019
NETN,Northeast Temperate Network,ACAD,Acadia National Park,LITMOO,Little Moose,6/7/2019,S5,,0,NA,{31CA9422-406C-4C6C-A7F4-10C09C12F7C3},No recruitment. Scoring date not known.,FALSE,FALSE,6/7/2019
NETN,Northeast Temperate Network,ACAD,Acadia National Park,LITHUN,Little Hunter,6/8/2019,S1,,0,NA,{31CA9422-406C-4C6C-A7F4-10C09C12F7C3},No recruitment. Scoring date not known.,FALSE,FALSE,6/8/2019
NETN,Northeast Temperate Network,ACAD,Acadia National Park,LITHUN,Little Hunter,6/8/2019,S2,,0,NA,{31CA9422-406C-4C6C-A7F4-10C09C12F7C3},No recruitment. Scoring date not known.,FALSE,FALSE,6/8/2019
NETN,Northeast Temperate Network,ACAD,Acadia National Park,LITHUN,Little Hunter,6/8/2019,S3,,4,NA,{31CA9422-406C-4C6C-A7F4-10C09C12F7C3},Scoring date not known.,FALSE,FALSE,6/8/2019
NETN,Northeast Temperate Network,ACAD,Acadia National Park,LITHUN,Little Hunter,6/8/2019,S4,,0,NA,{31CA9422-406C-4C6C-A7F4-10C09C12F7C3},No recruitment. Scoring date not known.,FALSE,FALSE,6/8/2019
NETN,Northeast Temperate Network,ACAD,Acadia National Park,LITHUN,Little Hunter,6/8/2019,S5,,1,NA,{31CA9422-406C-4C6C-A7F4-10C09C12F7C3},Scoring date not known.,FALSE,FALSE,6/8/2019
NETN,Northeast Temperate Network,ACAD,Acadia National Park,OTTPOI,Otter Point,6/9/2019,S1,,1,NA,{31CA9422-406C-4C6C-A7F4-10C09C12F7C3},Scoring date not known.,FALSE,FALSE,6/9/2019
NETN,Northeast Temperate Network,ACAD,Acadia National Park,OTTPOI,Otter Point,6/9/2019,S2,,3,NA,{31CA9422-406C-4C6C-A7F4-10C09C12F7C3},Scoring date not known.,FALSE,FALSE,6/9/2019
NETN,Northeast Temperate Network,ACAD,Acadia National Park,OTTPOI,Otter Point,6/9/2019,S3,,1,NA,{31CA9422-406C-4C6C-A7F4-10C09C12F7C3},Scoring date not known.,FALSE,FALSE,6/9/2019
NETN,Northeast Temperate Network,ACAD,Acadia National Park,OTTPOI,Otter Point,6/9/2019,S4,,0,NA,{31CA9422-406C-4C6C-A7F4-10C09C12F7C3},No recruitment. Scoring date not known.,FALSE,FALSE,6/9/2019
NETN,Northeast Temperate Network,ACAD,Acadia National Park,OTTPOI,Otter Point,6/9/2019,S5,,0,NA,{31CA9422-406C-4C6C-A7F4-10C09C12F7C3},No recruitment. Scoring date not known.,FALSE,FALSE,6/9/2019
NETN,Northeast Temperate Network,ACAD,Acadia National Park,SHIHAR,Ship Harbor,6/10/2019,S1,,0,NA,{31CA9422-406C-4C6C-A7F4-10C09C12F7C3},No recruitment. Scoring date not known.,FALSE,FALSE,6/10/2019
NETN,Northeast Temperate Network,ACAD,Acadia National Park,SHIHAR,Ship Harbor,6/10/2019,S2,,7,NA,{31CA9422-406C-4C6C-A7F4-10C09C12F7C3},Scoring date not known.,FALSE,FALSE,6/10/2019
NETN,Northeast Temperate Network,ACAD,Acadia National Park,SHIHAR,Ship Harbor,6/10/2019,S3,,5,NA,{31CA9422-406C-4C6C-A7F4-10C09C12F7C3},Scoring date not known.,FALSE,FALSE,6/10/2019
NETN,Northeast Temperate Network,ACAD,Acadia National Park,SHIHAR,Ship Harbor,6/10/2019,S4,,12,NA,{31CA9422-406C-4C6C-A7F4-10C09C12F7C3},Scoring date not known.,FALSE,FALSE,6/10/2019
NETN,Northeast Temperate Network,ACAD,Acadia National Park,SHIHAR,Ship Harbor,6/10/2019,S5,,13,NA,{31CA9422-406C-4C6C-A7F4-10C09C12F7C3},Scoring date not known.,FALSE,FALSE,6/10/2019
NETN,Northeast Temperate Network,ACAD,Acadia National Park,BASHAR,Bass Harbor,6/11/2019,S1,,0,NA,{31CA9422-406C-4C6C-A7F4-10C09C12F7C3},No recruitment. Scoring date not known.,FALSE,FALSE,6/11/2019
NETN,Northeast Temperate Network,ACAD,Acadia National Park,BASHAR,Bass Harbor,6/11/2019,S2,,0,NA,{31CA9422-406C-4C6C-A7F4-10C09C12F7C3},No recruitment. Scoring date not known.,FALSE,FALSE,6/11/2019
NETN,Northeast Temperate Network,ACAD,Acadia National Park,BASHAR,Bass Harbor,6/11/2019,S3,,1,NA,{31CA9422-406C-4C6C-A7F4-10C09C12F7C3},Scoring date not known.,FALSE,FALSE,6/11/2019
NETN,Northeast Temperate Network,ACAD,Acadia National Park,BASHAR,Bass Harbor,6/11/2019,S4,,3,NA,{31CA9422-406C-4C6C-A7F4-10C09C12F7C3},Scoring date not known.,FALSE,FALSE,6/11/2019
NETN,Northeast Temperate Network,ACAD,Acadia National Park,BASHAR,Bass Harbor,6/11/2019,S5,,17,NA,{31CA9422-406C-4C6C-A7F4-10C09C12F7C3},Scoring date not known.,FALSE,FALSE,6/11/2019
NETN,Northeast Temperate Network,ACAD,Acadia National Park,SCHPOI,Schoodic Point,6/13/2019,S1,,0,NA,{31CA9422-406C-4C6C-A7F4-10C09C12F7C3},No recruitment. Scoring date not known.,FALSE,FALSE,6/13/2019
NETN,Northeast Temperate Network,ACAD,Acadia National Park,SCHPOI,Schoodic Point,6/13/2019,S2,,3,NA,{31CA9422-406C-4C6C-A7F4-10C09C12F7C3},Scoring date not known.,FALSE,FALSE,6/13/2019
NETN,Northeast Temperate Network,ACAD,Acadia National Park,SCHPOI,Schoodic Point,6/13/2019,S3,,2,NA,{31CA9422-406C-4C6C-A7F4-10C09C12F7C3},Scoring date not known.,FALSE,FALSE,6/13/2019
NETN,Northeast Temperate Network,ACAD,Acadia National Park,SCHPOI,Schoodic Point,6/13/2019,S4,,1,NA,{31CA9422-406C-4C6C-A7F4-10C09C12F7C3},Scoring date not known.,FALSE,FALSE,6/13/2019
NETN,Northeast Temperate Network,ACAD,Acadia National Park,SCHPOI,Schoodic Point,6/13/2019,S5,,0,NA,{31CA9422-406C-4C6C-A7F4-10C09C12F7C3},No recruitment. Scoring date not known.,FALSE,FALSE,6/13/2019
NETN,Northeast Temperate Network,ACAD,Acadia National Park,SCHPOI,Schoodic Point,5/17/2022,S1,10/7/2024,154,NA,{D11C32AE-5275-43AC-A987-79C8BBF530DA},Imperial ruler in image.,FALSE,FALSE,12/19/2022
NETN,Northeast Temperate Network,ACAD,Acadia National Park,SCHPOI,Schoodic Point,5/17/2022,S1,10/7/2024,103,NA,{D11C32AE-5275-43AC-A987-79C8BBF530DA},,FALSE,FALSE,5/17/2022
NETN,Northeast Temperate Network,ACAD,Acadia National Park,SCHPOI,Schoodic Point,5/17/2022,S2,10/7/2024,261,NA,{D11C32AE-5275-43AC-A987-79C8BBF530DA},,FALSE,FALSE,5/17/2022
NETN,Northeast Temperate Network,ACAD,Acadia National Park,SCHPOI,Schoodic Point,5/17/2022,S3,10/9/2024,27,NA,{D11C32AE-5275-43AC-A987-79C8BBF530DA},,FALSE,FALSE,12/19/2022
NETN,Northeast Temperate Network,ACAD,Acadia National Park,SCHPOI,Schoodic Point,5/17/2022,S3,10/9/2024,9,NA,{D11C32AE-5275-43AC-A987-79C8BBF530DA},,FALSE,FALSE,5/17/2022
NETN,Northeast Temperate Network,ACAD,Acadia National Park,SCHPOI,Schoodic Point,5/17/2022,S4,10/11/2024,18,NA,{D11C32AE-5275-43AC-A987-79C8BBF530DA},,FALSE,FALSE,5/17/2022
NETN,Northeast Temperate Network,ACAD,Acadia National Park,SCHPOI,Schoodic Point,5/17/2022,S4,10/11/2024,33,NA,{D11C32AE-5275-43AC-A987-79C8BBF530DA},,FALSE,FALSE,12/19/2022
NETN,Northeast Temperate Network,ACAD,Acadia National Park,SCHPOI,Schoodic Point,5/17/2022,S5,10/11/2024,25,NA,{D11C32AE-5275-43AC-A987-79C8BBF530DA},,FALSE,FALSE,5/17/2022
NETN,Northeast Temperate Network,ACAD,Acadia National Park,LITMOO,Little Moose,6/7/2023,S1,7/22/2024,23,NA,{D11C32AE-5275-43AC-A987-79C8BBF530DA},Winter photo,FALSE,FALSE,12/7/2023
NETN,Northeast Temperate Network,ACAD,Acadia National Park,LITMOO,Little Moose,6/7/2023,S1,7/22/2024,48,NA,{D11C32AE-5275-43AC-A987-79C8BBF530DA},,FALSE,FALSE,6/7/2023
NETN,Northeast Temperate Network,ACAD,Acadia National Park,LITMOO,Little Moose,6/7/2023,S2,7/22/2024,74,NA,{D11C32AE-5275-43AC-A987-79C8BBF530DA},Winter photo,FALSE,FALSE,12/7/2023
NETN,Northeast Temperate Network,ACAD,Acadia National Park,LITMOO,Little Moose,6/7/2023,S2,7/22/2024,94,NA,{D11C32AE-5275-43AC-A987-79C8BBF530DA},,FALSE,FALSE,6/7/2023
NETN,Northeast Temperate Network,ACAD,Acadia National Park,LITMOO,Little Moose,6/7/2023,S3,7/22/2024,26,NA,{D11C32AE-5275-43AC-A987-79C8BBF530DA},Winter photo,FALSE,FALSE,12/7/2023
NETN,Northeast Temperate Network,ACAD,Acadia National Park,LITMOO,Little Moose,6/7/2023,S3,7/22/2024,38,NA,{D11C32AE-5275-43AC-A987-79C8BBF530DA},,FALSE,FALSE,6/7/2023
NETN,Northeast Temperate Network,ACAD,Acadia National Park,LITMOO,Little Moose,6/7/2023,S4,7/22/2024,88,NA,{D11C32AE-5275-43AC-A987-79C8BBF530DA},,FALSE,FALSE,6/7/2023
NETN,Northeast Temperate Network,ACAD,Acadia National Park,LITMOO,Little Moose,6/7/2023,S4,7/22/2024,59,NA,{D11C32AE-5275-43AC-A987-79C8BBF530DA},Winter photo,FALSE,FALSE,12/7/2023
NETN,Northeast Temperate Network,ACAD,Acadia National Park,LITMOO,Little Moose,6/7/2023,S5,7/22/2024,39,NA,{D11C32AE-5275-43AC-A987-79C8BBF530DA},,FALSE,FALSE,6/7/2023
NETN,Northeast Temperate Network,ACAD,Acadia National Park,LITMOO,Little Moose,6/7/2023,S5,7/22/2024,36,NA,{D11C32AE-5275-43AC-A987-79C8BBF530DA},Winter photo,FALSE,FALSE,12/7/2023
NETN,Northeast Temperate Network,ACAD,Acadia National Park,SCHPOI,Schoodic Point,6/8/2023,S1,7/24/2024,145,NA,{D11C32AE-5275-43AC-A987-79C8BBF530DA},Winter Photo,FALSE,FALSE,12/7/2023
NETN,Northeast Temperate Network,ACAD,Acadia National Park,SCHPOI,Schoodic Point,6/8/2023,S1,7/24/2024,478,NA,{D11C32AE-5275-43AC-A987-79C8BBF530DA},,FALSE,FALSE,6/8/2023
NETN,Northeast Temperate Network,ACAD,Acadia National Park,SCHPOI,Schoodic Point,6/8/2023,S2,7/24/2024,365,NA,{D11C32AE-5275-43AC-A987-79C8BBF530DA},,FALSE,FALSE,6/8/2023
NETN,Northeast Temperate Network,ACAD,Acadia National Park,SCHPOI,Schoodic Point,6/8/2023,S2,7/24/2024,138,NA,{D11C32AE-5275-43AC-A987-79C8BBF530DA},Winter Photo,FALSE,FALSE,12/7/2023
NETN,Northeast Temperate Network,ACAD,Acadia National Park,SCHPOI,Schoodic Point,6/8/2023,S3,7/25/2024,14,NA,{D11C32AE-5275-43AC-A987-79C8BBF530DA},,FALSE,FALSE,6/8/2023
NETN,Northeast Temperate Network,ACAD,Acadia National Park,SCHPOI,Schoodic Point,6/8/2023,S3,7/25/2024,9,NA,{D11C32AE-5275-43AC-A987-79C8BBF530DA},Winter Photo,FALSE,FALSE,12/7/2023
NETN,Northeast Temperate Network,ACAD,Acadia National Park,SCHPOI,Schoodic Point,6/8/2023,S4,7/25/2024,43,NA,{D11C32AE-5275-43AC-A987-79C8BBF530DA},Winter Photo,FALSE,FALSE,12/7/2023
NETN,Northeast Temperate Network,ACAD,Acadia National Park,SCHPOI,Schoodic Point,6/8/2023,S4,7/25/2024,60,NA,{D11C32AE-5275-43AC-A987-79C8BBF530DA},,FALSE,FALSE,6/8/2023
NETN,Northeast Temperate Network,ACAD,Acadia National Park,SCHPOI,Schoodic Point,6/8/2023,S5,7/25/2024,84,NA,{D11C32AE-5275-43AC-A987-79C8BBF530DA},Winter Photo,FALSE,FALSE,12/7/2023
NETN,Northeast Temperate Network,ACAD,Acadia National Park,SCHPOI,Schoodic Point,6/8/2023,S5,7/25/2024,132,NA,{D11C32AE-5275-43AC-A987-79C8BBF530DA},,FALSE,FALSE,6/8/2023
NETN,Northeast Temperate Network,ACAD,Acadia National Park,OTTPOI,Otter Point,6/9/2023,S1,7/30/2024,239,NA,{D11C32AE-5275-43AC-A987-79C8BBF530DA},,FALSE,FALSE,6/9/2023
NETN,Northeast Temperate Network,ACAD,Acadia National Park,OTTPOI,Otter Point,6/9/2023,S1,7/30/2024,131,NA,{D11C32AE-5275-43AC-A987-79C8BBF530DA},Winter photo,FALSE,FALSE,12/8/2023
NETN,Northeast Temperate Network,ACAD,Acadia National Park,OTTPOI,Otter Point,6/9/2023,S2,7/30/2024,132,NA,{D11C32AE-5275-43AC-A987-79C8BBF530DA},,FALSE,FALSE,6/9/2023
NETN,Northeast Temperate Network,ACAD,Acadia National Park,OTTPOI,Otter Point,6/9/2023,S2,7/30/2024,122,NA,{D11C32AE-5275-43AC-A987-79C8BBF530DA},Winter photo,FALSE,FALSE,12/8/2023
NETN,Northeast Temperate Network,ACAD,Acadia National Park,OTTPOI,Otter Point,6/9/2023,S3,7/30/2024,43,NA,{D11C32AE-5275-43AC-A987-79C8BBF530DA},Winter photo,FALSE,FALSE,12/8/2023
NETN,Northeast Temperate Network,ACAD,Acadia National Park,OTTPOI,Otter Point,6/9/2023,S3,7/30/2024,33,NA,{D11C32AE-5275-43AC-A987-79C8BBF530DA},,FALSE,FALSE,6/9/2023
NETN,Northeast Temperate Network,ACAD,Acadia National Park,OTTPOI,Otter Point,6/9/2023,S4,7/30/2024,50,NA,{D11C32AE-5275-43AC-A987-79C8BBF530DA},Winter photo,FALSE,FALSE,12/8/2023
NETN,Northeast Temperate Network,ACAD,Acadia National Park,OTTPOI,Otter Point,6/9/2023,S4,7/30/2024,100,NA,{D11C32AE-5275-43AC-A987-79C8BBF530DA},,FALSE,FALSE,6/9/2023
NETN,Northeast Temperate Network,ACAD,Acadia National Park,OTTPOI,Otter Point,6/9/2023,S5,7/30/2024,63,NA,{D11C32AE-5275-43AC-A987-79C8BBF530DA},Winter photo,FALSE,FALSE,12/8/2023
NETN,Northeast Temperate Network,ACAD,Acadia National Park,OTTPOI,Otter Point,6/9/2023,S5,7/30/2024,83,NA,{D11C32AE-5275-43AC-A987-79C8BBF530DA},,FALSE,FALSE,6/9/2023
NETN,Northeast Temperate Network,ACAD,Acadia National Park,LITHUN,Little Hunter,6/10/2023,S1,7/26/2024,73,NA,{D11C32AE-5275-43AC-A987-79C8BBF530DA},Winter photo,FALSE,FALSE,12/8/2023
NETN,Northeast Temperate Network,ACAD,Acadia National Park,LITHUN,Little Hunter,6/10/2023,S1,7/26/2024,96,NA,{D11C32AE-5275-43AC-A987-79C8BBF530DA},,FALSE,FALSE,6/10/2023
NETN,Northeast Temperate Network,ACAD,Acadia National Park,LITHUN,Little Hunter,6/10/2023,S2,7/26/2024,90,NA,{D11C32AE-5275-43AC-A987-79C8BBF530DA},,FALSE,FALSE,6/10/2023
NETN,Northeast Temperate Network,ACAD,Acadia National Park,LITHUN,Little Hunter,6/10/2023,S2,7/26/2024,76,NA,{D11C32AE-5275-43AC-A987-79C8BBF530DA},Winter photo,FALSE,FALSE,12/8/2023
NETN,Northeast Temperate Network,ACAD,Acadia National Park,LITHUN,Little Hunter,6/10/2023,S3,7/26/2024,392,NA,{D11C32AE-5275-43AC-A987-79C8BBF530DA},,FALSE,FALSE,6/10/2023
NETN,Northeast Temperate Network,ACAD,Acadia National Park,LITHUN,Little Hunter,6/10/2023,S3,7/26/2024,220,NA,{D11C32AE-5275-43AC-A987-79C8BBF530DA},Winter photo,FALSE,FALSE,12/8/2023
NETN,Northeast Temperate Network,ACAD,Acadia National Park,LITHUN,Little Hunter,6/10/2023,S4,7/26/2024,14,NA,{D11C32AE-5275-43AC-A987-79C8BBF530DA},Winter photo,FALSE,FALSE,12/8/2023
NETN,Northeast Temperate Network,ACAD,Acadia National Park,LITHUN,Little Hunter,6/10/2023,S4,7/26/2024,16,NA,{D11C32AE-5275-43AC-A987-79C8BBF530DA},,FALSE,FALSE,6/10/2023
NETN,Northeast Temperate Network,ACAD,Acadia National Park,LITHUN,Little Hunter,6/10/2023,S5,7/26/2024,56,NA,{D11C32AE-5275-43AC-A987-79C8BBF530DA},,FALSE,FALSE,6/10/2023
NETN,Northeast Temperate Network,ACAD,Acadia National Park,LITHUN,Little Hunter,6/10/2023,S5,7/26/2024,42,NA,{D11C32AE-5275-43AC-A987-79C8BBF530DA},Winter photo,FALSE,FALSE,12/8/2023
NETN,Northeast Temperate Network,ACAD,Acadia National Park,SHIHAR,Ship Harbor,6/11/2023,S1,8/14/2024,731,NA,{D11C32AE-5275-43AC-A987-79C8BBF530DA},,FALSE,FALSE,6/11/2023
NETN,Northeast Temperate Network,ACAD,Acadia National Park,SHIHAR,Ship Harbor,6/11/2023,S1,8/14/2024,327,NA,{D11C32AE-5275-43AC-A987-79C8BBF530DA},Winter photo,FALSE,FALSE,12/5/2023
NETN,Northeast Temperate Network,ACAD,Acadia National Park,SHIHAR,Ship Harbor,6/11/2023,S2,8/14/2024,1119,NA,{D11C32AE-5275-43AC-A987-79C8BBF530DA},Some barnacles may be obscured by water,FALSE,FALSE,6/11/2023
NETN,Northeast Temperate Network,ACAD,Acadia National Park,SHIHAR,Ship Harbor,6/11/2023,S2,8/14/2024,311,NA,{D11C32AE-5275-43AC-A987-79C8BBF530DA},Winter photo,FALSE,FALSE,12/5/2023
NETN,Northeast Temperate Network,ACAD,Acadia National Park,SHIHAR,Ship Harbor,6/11/2023,S3,8/14/2024,171,NA,{D11C32AE-5275-43AC-A987-79C8BBF530DA},Winter photo,FALSE,FALSE,12/5/2023
NETN,Northeast Temperate Network,ACAD,Acadia National Park,SHIHAR,Ship Harbor,6/11/2023,S3,8/14/2024,1064,NA,{D11C32AE-5275-43AC-A987-79C8BBF530DA},,FALSE,FALSE,6/11/2023
NETN,Northeast Temperate Network,ACAD,Acadia National Park,SHIHAR,Ship Harbor,6/11/2023,S4,8/14/2024,303,NA,{D11C32AE-5275-43AC-A987-79C8BBF530DA},Winter photo,FALSE,FALSE,12/5/2023
NETN,Northeast Temperate Network,ACAD,Acadia National Park,SHIHAR,Ship Harbor,6/11/2023,S4,8/14/2024,763,NA,{D11C32AE-5275-43AC-A987-79C8BBF530DA},,FALSE,FALSE,6/11/2023
NETN,Northeast Temperate Network,ACAD,Acadia National Park,SHIHAR,Ship Harbor,6/11/2023,S5,8/14/2024,797,NA,{D11C32AE-5275-43AC-A987-79C8BBF530DA},,FALSE,FALSE,6/11/2023
NETN,Northeast Temperate Network,ACAD,Acadia National Park,SHIHAR,Ship Harbor,6/11/2023,S5,8/14/2024,340,NA,{D11C32AE-5275-43AC-A987-79C8BBF530DA},Winter photo,FALSE,FALSE,12/5/2023
NETN,Northeast Temperate Network,ACAD,Acadia National Park,BASHAR,Bass Harbor,6/12/2023,S1,7/31/2024,12,NA,{D11C32AE-5275-43AC-A987-79C8BBF530DA},Winter photo,FALSE,FALSE,12/5/2023
NETN,Northeast Temperate Network,ACAD,Acadia National Park,BASHAR,Bass Harbor,6/12/2023,S1,7/31/2024,32,NA,{D11C32AE-5275-43AC-A987-79C8BBF530DA},,FALSE,FALSE,6/12/2023
NETN,Northeast Temperate Network,ACAD,Acadia National Park,BASHAR,Bass Harbor,6/12/2023,S2,7/31/2024,17,NA,{D11C32AE-5275-43AC-A987-79C8BBF530DA},Winter photo,FALSE,FALSE,12/5/2023
NETN,Northeast Temperate Network,ACAD,Acadia National Park,BASHAR,Bass Harbor,6/12/2023,S2,7/31/2024,72,NA,{D11C32AE-5275-43AC-A987-79C8BBF530DA},,FALSE,FALSE,6/12/2023
NETN,Northeast Temperate Network,ACAD,Acadia National Park,BASHAR,Bass Harbor,6/12/2023,S3,7/31/2024,326,NA,{D11C32AE-5275-43AC-A987-79C8BBF530DA},,FALSE,FALSE,6/12/2023
NETN,Northeast Temperate Network,ACAD,Acadia National Park,BASHAR,Bass Harbor,6/12/2023,S3,7/31/2024,99,NA,{D11C32AE-5275-43AC-A987-79C8BBF530DA},Winter photo,FALSE,FALSE,12/5/2023
NETN,Northeast Temperate Network,ACAD,Acadia National Park,BASHAR,Bass Harbor,6/12/2023,S4,7/31/2024,214,NA,{D11C32AE-5275-43AC-A987-79C8BBF530DA},Winter photo,FALSE,FALSE,12/5/2023
NETN,Northeast Temperate Network,ACAD,Acadia National Park,BASHAR,Bass Harbor,6/12/2023,S4,7/31/2024,754,NA,{D11C32AE-5275-43AC-A987-79C8BBF530DA},,FALSE,FALSE,6/12/2023
NETN,Northeast Temperate Network,ACAD,Acadia National Park,BASHAR,Bass Harbor,6/12/2023,S5,7/31/2024,368,NA,{D11C32AE-5275-43AC-A987-79C8BBF530DA},,FALSE,FALSE,6/12/2023
NETN,Northeast Temperate Network,ACAD,Acadia National Park,BASHAR,Bass Harbor,6/12/2023,S5,7/31/2024,187,NA,{D11C32AE-5275-43AC-A987-79C8BBF530DA},Winter photo,FALSE,FALSE,12/5/2023
NETN,Northeast Temperate Network,ACAD,Acadia National Park,SCHPOI,Schoodic Point,6/25/2024,S1,8/22/2024,219,NA,{85D13873-B248-4444-8863-DEAB964BD93D},,FALSE,FALSE,6/25/2024
NETN,Northeast Temperate Network,ACAD,Acadia National Park,SCHPOI,Schoodic Point,6/25/2024,S2,8/22/2024,709,NA,{D11C32AE-5275-43AC-A987-79C8BBF530DA},,FALSE,FALSE,6/25/2024
NETN,Northeast Temperate Network,ACAD,Acadia National Park,SCHPOI,Schoodic Point,6/25/2024,S3,8/22/2024,37,NA,{D11C32AE-5275-43AC-A987-79C8BBF530DA},,FALSE,FALSE,6/25/2024
NETN,Northeast Temperate Network,ACAD,Acadia National Park,SCHPOI,Schoodic Point,6/25/2024,S4,8/22/2024,23,NA,{D11C32AE-5275-43AC-A987-79C8BBF530DA},,FALSE,FALSE,6/25/2024
NETN,Northeast Temperate Network,ACAD,Acadia National Park,SCHPOI,Schoodic Point,6/25/2024,S5,8/22/2024,49,NA,{D11C32AE-5275-43AC-A987-79C8BBF530DA},,FALSE,FALSE,6/25/2024
NETN,Northeast Temperate Network,ACAD,Acadia National Park,BASHAR,Bass Harbor,6/29/2024,S1,8/15/2024,75,NA,{D11C32AE-5275-43AC-A987-79C8BBF530DA},,FALSE,FALSE,6/29/2024
NETN,Northeast Temperate Network,ACAD,Acadia National Park,BASHAR,Bass Harbor,6/29/2024,S2,8/15/2024,5,NA,{D11C32AE-5275-43AC-A987-79C8BBF530DA},,FALSE,FALSE,6/29/2024
NETN,Northeast Temperate Network,ACAD,Acadia National Park,BASHAR,Bass Harbor,6/29/2024,S3,8/15/2024,55,NA,{D11C32AE-5275-43AC-A987-79C8BBF530DA},,FALSE,FALSE,6/29/2024
NETN,Northeast Temperate Network,ACAD,Acadia National Park,BASHAR,Bass Harbor,6/29/2024,S4,8/15/2024,172,NA,{D11C32AE-5275-43AC-A987-79C8BBF530DA},,FALSE,FALSE,6/29/2024
NETN,Northeast Temperate Network,ACAD,Acadia National Park,BASHAR,Bass Harbor,6/29/2024,S5,8/15/2024,158,NA,{D11C32AE-5275-43AC-A987-79C8BBF530DA},,FALSE,FALSE,6/29/2024
NETN,Northeast Temperate Network,ACAD,Acadia National Park,SHIHAR,Ship Harbor,6/30/2024,S1,10/1/2024,605,NA,{D11C32AE-5275-43AC-A987-79C8BBF530DA},,FALSE,FALSE,6/30/2024
NETN,Northeast Temperate Network,ACAD,Acadia National Park,SHIHAR,Ship Harbor,6/30/2024,S2,10/1/2024,772,NA,{D11C32AE-5275-43AC-A987-79C8BBF530DA},,FALSE,FALSE,6/30/2024
NETN,Northeast Temperate Network,ACAD,Acadia National Park,SHIHAR,Ship Harbor,6/30/2024,S3,10/2/2024,723,NA,{D11C32AE-5275-43AC-A987-79C8BBF530DA},,FALSE,FALSE,6/30/2024
NETN,Northeast Temperate Network,ACAD,Acadia National Park,SHIHAR,Ship Harbor,6/30/2024,S4,10/2/2024,923,NA,{D11C32AE-5275-43AC-A987-79C8BBF530DA},,FALSE,FALSE,6/30/2024
NETN,Northeast Temperate Network,ACAD,Acadia National Park,SHIHAR,Ship Harbor,6/30/2024,S5,10/2/2024,1254,NA,{D11C32AE-5275-43AC-A987-79C8BBF530DA},,FALSE,FALSE,6/30/2024
NETN,Northeast Temperate Network,BOHA,Boston Harbor Islands National Park Area,CALISL,Calf Island,7/16/2014,S1,10/17/2014,427,NA,{ACDF578E-1BE4-48C5-941D-EE34A1B95533},,FALSE,FALSE,7/16/2014
NETN,Northeast Temperate Network,BOHA,Boston Harbor Islands National Park Area,CALISL,Calf Island,7/16/2014,S2,10/17/2014,607,NA,{ACDF578E-1BE4-48C5-941D-EE34A1B95533},,FALSE,FALSE,7/16/2014
NETN,Northeast Temperate Network,BOHA,Boston Harbor Islands National Park Area,CALISL,Calf Island,7/16/2014,S3,10/20/2014,706,NA,{ACDF578E-1BE4-48C5-941D-EE34A1B95533},,FALSE,FALSE,7/16/2014
NETN,Northeast Temperate Network,BOHA,Boston Harbor Islands National Park Area,CALISL,Calf Island,7/16/2014,S4,10/20/2014,88,NA,{ACDF578E-1BE4-48C5-941D-EE34A1B95533},,FALSE,FALSE,7/16/2014
NETN,Northeast Temperate Network,BOHA,Boston Harbor Islands National Park Area,CALISL,Calf Island,7/16/2014,S5,10/20/2014,441,NA,{ACDF578E-1BE4-48C5-941D-EE34A1B95533},,FALSE,FALSE,7/16/2014
NETN,Northeast Temperate Network,BOHA,Boston Harbor Islands National Park Area,GREISL,Green Island,7/17/2014,S1,10/14/2014,1461,NA,{ACDF578E-1BE4-48C5-941D-EE34A1B95533},,FALSE,FALSE,7/17/2014
NETN,Northeast Temperate Network,BOHA,Boston Harbor Islands National Park Area,GREISL,Green Island,7/17/2014,S2,10/14/2014,1427,NA,{ACDF578E-1BE4-48C5-941D-EE34A1B95533},,FALSE,FALSE,7/17/2014
NETN,Northeast Temperate Network,BOHA,Boston Harbor Islands National Park Area,GREISL,Green Island,7/17/2014,S3,10/15/2014,1317,NA,{ACDF578E-1BE4-48C5-941D-EE34A1B95533},,FALSE,FALSE,7/17/2014
NETN,Northeast Temperate Network,BOHA,Boston Harbor Islands National Park Area,GREISL,Green Island,7/17/2014,S4,10/15/2014,1064,NA,{ACDF578E-1BE4-48C5-941D-EE34A1B95533},,FALSE,FALSE,7/17/2014
NETN,Northeast Temperate Network,BOHA,Boston Harbor Islands National Park Area,GREISL,Green Island,7/17/2014,S5,10/15/2014,607,NA,{ACDF578E-1BE4-48C5-941D-EE34A1B95533},,FALSE,FALSE,7/17/2014
NETN,Northeast Temperate Network,BOHA,Boston Harbor Islands National Park Area,GREISL,Green Island,7/17/2014,U1,10/17/2014,258,NA,{ACDF578E-1BE4-48C5-941D-EE34A1B95533},,FALSE,FALSE,7/17/2014
NETN,Northeast Temperate Network,BOHA,Boston Harbor Islands National Park Area,GREISL,Green Island,7/17/2014,U2,10/17/2014,1301,NA,{ACDF578E-1BE4-48C5-941D-EE34A1B95533},,FALSE,FALSE,7/17/2014
NETN,Northeast Temperate Network,BOHA,Boston Harbor Islands National Park Area,GREISL,Green Island,7/17/2014,U3,10/17/2014,1556,NA,{ACDF578E-1BE4-48C5-941D-EE34A1B95533},,FALSE,FALSE,7/17/2014
NETN,Northeast Temperate Network,BOHA,Boston Harbor Islands National Park Area,GREISL,Green Island,7/17/2014,U4,10/17/2014,1122,NA,{ACDF578E-1BE4-48C5-941D-EE34A1B95533},,FALSE,FALSE,7/17/2014
NETN,Northeast Temperate Network,BOHA,Boston Harbor Islands National Park Area,GREISL,Green Island,7/17/2014,U5,10/17/2014,143,NA,{ACDF578E-1BE4-48C5-941D-EE34A1B95533},,FALSE,FALSE,7/17/2014
NETN,Northeast Temperate Network,BOHA,Boston Harbor Islands National Park Area,OUTBRE,Outer Brewster,7/18/2014,S1,10/17/2014,779,NA,{ACDF578E-1BE4-48C5-941D-EE34A1B95533},,FALSE,FALSE,7/18/2014
NETN,Northeast Temperate Network,BOHA,Boston Harbor Islands National Park Area,OUTBRE,Outer Brewster,7/18/2014,S2,10/20/2014,931,NA,{ACDF578E-1BE4-48C5-941D-EE34A1B95533},,FALSE,FALSE,7/18/2014
NETN,Northeast Temperate Network,BOHA,Boston Harbor Islands National Park Area,OUTBRE,Outer Brewster,7/18/2014,S3,10/17/2014,991,NA,{ACDF578E-1BE4-48C5-941D-EE34A1B95533},,FALSE,FALSE,7/18/2014
NETN,Northeast Temperate Network,BOHA,Boston Harbor Islands National Park Area,OUTBRE,Outer Brewster,7/18/2014,S4,10/17/2014,1401,NA,{ACDF578E-1BE4-48C5-941D-EE34A1B95533},,FALSE,FALSE,7/18/2014
NETN,Northeast Temperate Network,BOHA,Boston Harbor Islands National Park Area,OUTBRE,Outer Brewster,7/18/2014,S5,10/17/2014,1069,NA,{ACDF578E-1BE4-48C5-941D-EE34A1B95533},,FALSE,FALSE,7/18/2014
NETN,Northeast Temperate Network,BOHA,Boston Harbor Islands National Park Area,CALISL,Calf Island,7/7/2015,U1,10/15/2016,196,NA,{329201E2-39A6-4EF2-9516-3AD4F3FBA976},,FALSE,FALSE,7/7/2015
NETN,Northeast Temperate Network,BOHA,Boston Harbor Islands National Park Area,CALISL,Calf Island,7/7/2015,U2,10/15/2016,18,NA,{329201E2-39A6-4EF2-9516-3AD4F3FBA976},,FALSE,FALSE,7/7/2015
NETN,Northeast Temperate Network,BOHA,Boston Harbor Islands National Park Area,CALISL,Calf Island,7/7/2015,U3,10/15/2016,68,NA,{329201E2-39A6-4EF2-9516-3AD4F3FBA976},,FALSE,FALSE,7/7/2015
NETN,Northeast Temperate Network,BOHA,Boston Harbor Islands National Park Area,CALISL,Calf Island,7/7/2015,U5,10/15/2016,335,NA,{329201E2-39A6-4EF2-9516-3AD4F3FBA976},,FALSE,FALSE,7/7/2015
NETN,Northeast Temperate Network,BOHA,Boston Harbor Islands National Park Area,GREISL,Green Island,7/9/2015,U1,10/15/2016,5,NA,{329201E2-39A6-4EF2-9516-3AD4F3FBA976},,FALSE,FALSE,7/9/2015
NETN,Northeast Temperate Network,BOHA,Boston Harbor Islands National Park Area,GREISL,Green Island,7/9/2015,U2,10/15/2016,460,NA,{329201E2-39A6-4EF2-9516-3AD4F3FBA976},,FALSE,FALSE,7/9/2015
NETN,Northeast Temperate Network,BOHA,Boston Harbor Islands National Park Area,GREISL,Green Island,7/9/2015,U3,10/15/2016,306,NA,{329201E2-39A6-4EF2-9516-3AD4F3FBA976},,FALSE,FALSE,7/9/2015
NETN,Northeast Temperate Network,BOHA,Boston Harbor Islands National Park Area,GREISL,Green Island,7/9/2015,U4,10/15/2016,234,NA,{329201E2-39A6-4EF2-9516-3AD4F3FBA976},,FALSE,FALSE,7/9/2015
NETN,Northeast Temperate Network,BOHA,Boston Harbor Islands National Park Area,GREISL,Green Island,7/9/2015,U5,10/15/2016,68,NA,{329201E2-39A6-4EF2-9516-3AD4F3FBA976},,FALSE,FALSE,7/9/2015
NETN,Northeast Temperate Network,BOHA,Boston Harbor Islands National Park Area,GREISL,Green Island,7/26/2016,U1,10/15/2016,50,NA,{329201E2-39A6-4EF2-9516-3AD4F3FBA976},,FALSE,FALSE,7/26/2016
NETN,Northeast Temperate Network,BOHA,Boston Harbor Islands National Park Area,GREISL,Green Island,7/26/2016,U2,10/15/2016,847,NA,{329201E2-39A6-4EF2-9516-3AD4F3FBA976},,FALSE,FALSE,7/26/2016
NETN,Northeast Temperate Network,BOHA,Boston Harbor Islands National Park Area,GREISL,Green Island,7/26/2016,U3,10/15/2016,699,NA,{329201E2-39A6-4EF2-9516-3AD4F3FBA976},,FALSE,FALSE,7/26/2016
NETN,Northeast Temperate Network,BOHA,Boston Harbor Islands National Park Area,GREISL,Green Island,7/26/2016,U4,10/15/2016,825,NA,{329201E2-39A6-4EF2-9516-3AD4F3FBA976},,FALSE,FALSE,7/26/2016
NETN,Northeast Temperate Network,BOHA,Boston Harbor Islands National Park Area,GREISL,Green Island,7/26/2016,U5,10/15/2016,673,NA,{329201E2-39A6-4EF2-9516-3AD4F3FBA976},,FALSE,FALSE,7/26/2016
NETN,Northeast Temperate Network,BOHA,Boston Harbor Islands National Park Area,CALISL,Calf Island,7/28/2016,U1,10/15/2016,191,NA,{329201E2-39A6-4EF2-9516-3AD4F3FBA976},,FALSE,FALSE,7/28/2016
NETN,Northeast Temperate Network,BOHA,Boston Harbor Islands National Park Area,CALISL,Calf Island,7/28/2016,U2,10/15/2016,38,NA,{329201E2-39A6-4EF2-9516-3AD4F3FBA976},,FALSE,FALSE,7/28/2016
NETN,Northeast Temperate Network,BOHA,Boston Harbor Islands National Park Area,CALISL,Calf Island,7/28/2016,U3,10/15/2016,246,NA,{329201E2-39A6-4EF2-9516-3AD4F3FBA976},,FALSE,FALSE,7/28/2016
NETN,Northeast Temperate Network,BOHA,Boston Harbor Islands National Park Area,CALISL,Calf Island,7/28/2016,U4,10/15/2016,585,NA,{329201E2-39A6-4EF2-9516-3AD4F3FBA976},,FALSE,FALSE,7/28/2016
NETN,Northeast Temperate Network,BOHA,Boston Harbor Islands National Park Area,CALISL,Calf Island,7/28/2016,U5,10/15/2016,994,NA,{329201E2-39A6-4EF2-9516-3AD4F3FBA976},,FALSE,FALSE,7/28/2016
NETN,Northeast Temperate Network,BOHA,Boston Harbor Islands National Park Area,CALISL,Calf Island,7/8/2019,S1,,1543,NA,{31CA9422-406C-4C6C-A7F4-10C09C12F7C3},Scoring date not known.,FALSE,FALSE,7/8/2019
NETN,Northeast Temperate Network,BOHA,Boston Harbor Islands National Park Area,CALISL,Calf Island,7/8/2019,S2,,366,NA,{31CA9422-406C-4C6C-A7F4-10C09C12F7C3},Scoring date not known.,FALSE,FALSE,7/8/2019
NETN,Northeast Temperate Network,BOHA,Boston Harbor Islands National Park Area,CALISL,Calf Island,7/8/2019,S3,,1021,NA,{31CA9422-406C-4C6C-A7F4-10C09C12F7C3},Scoring date not known.,FALSE,FALSE,7/8/2019
NETN,Northeast Temperate Network,BOHA,Boston Harbor Islands National Park Area,CALISL,Calf Island,7/8/2019,S4,,981,NA,{31CA9422-406C-4C6C-A7F4-10C09C12F7C3},Scoring date not known.,FALSE,FALSE,7/8/2019
NETN,Northeast Temperate Network,BOHA,Boston Harbor Islands National Park Area,CALISL,Calf Island,7/8/2019,S5,,552,NA,{31CA9422-406C-4C6C-A7F4-10C09C12F7C3},Scoring date not known.,FALSE,FALSE,7/8/2019
NETN,Northeast Temperate Network,BOHA,Boston Harbor Islands National Park Area,OUTBRE,Outer Brewster,7/9/2019,S1,,1262,NA,{31CA9422-406C-4C6C-A7F4-10C09C12F7C3},Scoring date not known.,FALSE,FALSE,7/9/2019
NETN,Northeast Temperate Network,BOHA,Boston Harbor Islands National Park Area,OUTBRE,Outer Brewster,7/9/2019,S2,,704,NA,{31CA9422-406C-4C6C-A7F4-10C09C12F7C3},Scoring date not known.,FALSE,FALSE,7/9/2019
NETN,Northeast Temperate Network,BOHA,Boston Harbor Islands National Park Area,OUTBRE,Outer Brewster,7/9/2019,S3,,1535,NA,{31CA9422-406C-4C6C-A7F4-10C09C12F7C3},Scoring date not known.,FALSE,FALSE,7/9/2019
NETN,Northeast Temperate Network,BOHA,Boston Harbor Islands National Park Area,OUTBRE,Outer Brewster,7/9/2019,S4,,1238,NA,{31CA9422-406C-4C6C-A7F4-10C09C12F7C3},Scoring date not known.,FALSE,FALSE,7/9/2019
NETN,Northeast Temperate Network,BOHA,Boston Harbor Islands National Park Area,OUTBRE,Outer Brewster,7/9/2019,S5,,455,NA,{31CA9422-406C-4C6C-A7F4-10C09C12F7C3},Scoring date not known.,FALSE,FALSE,7/9/2019
NETN,Northeast Temperate Network,BOHA,Boston Harbor Islands National Park Area,GREISL,Green Island,8/5/2019,S1,,382,NA,{31CA9422-406C-4C6C-A7F4-10C09C12F7C3},Scoring date not known.,FALSE,FALSE,8/5/2019
NETN,Northeast Temperate Network,BOHA,Boston Harbor Islands National Park Area,GREISL,Green Island,8/5/2019,S2,,1063,NA,{31CA9422-406C-4C6C-A7F4-10C09C12F7C3},Scoring date not known.,FALSE,FALSE,8/5/2019
NETN,Northeast Temperate Network,BOHA,Boston Harbor Islands National Park Area,GREISL,Green Island,8/5/2019,S3,,886,NA,{31CA9422-406C-4C6C-A7F4-10C09C12F7C3},Scoring date not known.,FALSE,FALSE,8/5/2019
NETN,Northeast Temperate Network,BOHA,Boston Harbor Islands National Park Area,GREISL,Green Island,8/5/2019,S4,,1381,NA,{31CA9422-406C-4C6C-A7F4-10C09C12F7C3},Scoring date not known.,FALSE,FALSE,8/5/2019
NETN,Northeast Temperate Network,BOHA,Boston Harbor Islands National Park Area,GREISL,Green Island,8/5/2019,S5,,750,NA,{31CA9422-406C-4C6C-A7F4-10C09C12F7C3},Scoring date not known.,FALSE,FALSE,8/5/2019
NETN,Northeast Temperate Network,BOHA,Boston Harbor Islands National Park Area,GREISL,Green Island,8/6/2023,S1,8/1/2024,63,NA,{D11C32AE-5275-43AC-A987-79C8BBF530DA},Winter photo,FALSE,FALSE,1/4/2024
NETN,Northeast Temperate Network,BOHA,Boston Harbor Islands National Park Area,GREISL,Green Island,8/6/2023,S2,8/1/2024,123,NA,{D11C32AE-5275-43AC-A987-79C8BBF530DA},Winter photo,FALSE,FALSE,1/4/2024
NETN,Northeast Temperate Network,BOHA,Boston Harbor Islands National Park Area,GREISL,Green Island,8/6/2023,S3,8/1/2024,214,NA,{D11C32AE-5275-43AC-A987-79C8BBF530DA},Winter photo,FALSE,FALSE,1/4/2024
NETN,Northeast Temperate Network,BOHA,Boston Harbor Islands National Park Area,GREISL,Green Island,8/6/2023,S4,8/1/2024,279,NA,{D11C32AE-5275-43AC-A987-79C8BBF530DA},Winter photo,FALSE,FALSE,1/4/2024
NETN,Northeast Temperate Network,BOHA,Boston Harbor Islands National Park Area,GREISL,Green Island,8/6/2023,S5,8/1/2024,44,NA,{D11C32AE-5275-43AC-A987-79C8BBF530DA},Winter photo,FALSE,FALSE,1/4/2024
NETN,Northeast Temperate Network,BOHA,Boston Harbor Islands National Park Area,CALISL,Calf Island,8/7/2023,S1,8/7/2024,146,NA,{D11C32AE-5275-43AC-A987-79C8BBF530DA},Winter photo,FALSE,FALSE,1/4/2024
NETN,Northeast Temperate Network,BOHA,Boston Harbor Islands National Park Area,CALISL,Calf Island,8/7/2023,S1,8/7/2024,290,NA,{D11C32AE-5275-43AC-A987-79C8BBF530DA},,FALSE,FALSE,8/7/2023
NETN,Northeast Temperate Network,BOHA,Boston Harbor Islands National Park Area,CALISL,Calf Island,8/7/2023,S2,8/7/2024,66,NA,{D11C32AE-5275-43AC-A987-79C8BBF530DA},,FALSE,FALSE,8/7/2023
NETN,Northeast Temperate Network,BOHA,Boston Harbor Islands National Park Area,CALISL,Calf Island,8/7/2023,S2,8/7/2024,61,NA,{D11C32AE-5275-43AC-A987-79C8BBF530DA},Winter photo,FALSE,FALSE,1/4/2024
NETN,Northeast Temperate Network,BOHA,Boston Harbor Islands National Park Area,CALISL,Calf Island,8/7/2023,S3,8/7/2024,77,NA,{D11C32AE-5275-43AC-A987-79C8BBF530DA},,FALSE,FALSE,8/7/2023
NETN,Northeast Temperate Network,BOHA,Boston Harbor Islands National Park Area,CALISL,Calf Island,8/7/2023,S3,8/7/2024,44,NA,{D11C32AE-5275-43AC-A987-79C8BBF530DA},Winter photo,FALSE,FALSE,1/4/2024
NETN,Northeast Temperate Network,BOHA,Boston Harbor Islands National Park Area,CALISL,Calf Island,8/7/2023,S4,8/7/2024,186,NA,{D11C32AE-5275-43AC-A987-79C8BBF530DA},,FALSE,FALSE,8/7/2023
NETN,Northeast Temperate Network,BOHA,Boston Harbor Islands National Park Area,CALISL,Calf Island,8/7/2023,S4,8/7/2024,146,NA,{D11C32AE-5275-43AC-A987-79C8BBF530DA},Winter photo,FALSE,FALSE,1/4/2024
NETN,Northeast Temperate Network,BOHA,Boston Harbor Islands National Park Area,CALISL,Calf Island,8/7/2023,S5,8/7/2024,3,NA,{D11C32AE-5275-43AC-A987-79C8BBF530DA},,FALSE,FALSE,8/7/2023
NETN,Northeast Temperate Network,BOHA,Boston Harbor Islands National Park Area,CALISL,Calf Island,8/7/2023,S5,8/7/2024,3,NA,{D11C32AE-5275-43AC-A987-79C8BBF530DA},Winter photo,FALSE,FALSE,1/4/2024
NETN,Northeast Temperate Network,BOHA,Boston Harbor Islands National Park Area,OUTBRE,Outer Brewster,8/29/2023,S1,8/12/2024,142,NA,{D11C32AE-5275-43AC-A987-79C8BBF530DA},Winter photo,FALSE,FALSE,1/4/2024
NETN,Northeast Temperate Network,BOHA,Boston Harbor Islands National Park Area,OUTBRE,Outer Brewster,8/29/2023,S1,8/12/2024,200,NA,{D11C32AE-5275-43AC-A987-79C8BBF530DA},,FALSE,FALSE,8/29/2023
NETN,Northeast Temperate Network,BOHA,Boston Harbor Islands National Park Area,OUTBRE,Outer Brewster,8/29/2023,S2,8/12/2024,72,NA,{D11C32AE-5275-43AC-A987-79C8BBF530DA},Winter photo,FALSE,FALSE,1/4/2024
NETN,Northeast Temperate Network,BOHA,Boston Harbor Islands National Park Area,OUTBRE,Outer Brewster,8/29/2023,S2,8/12/2024,105,NA,{D11C32AE-5275-43AC-A987-79C8BBF530DA},,FALSE,FALSE,8/29/2023
NETN,Northeast Temperate Network,BOHA,Boston Harbor Islands National Park Area,OUTBRE,Outer Brewster,8/29/2023,S3,8/12/2024,682,NA,{D11C32AE-5275-43AC-A987-79C8BBF530DA},Winter photo,FALSE,FALSE,1/4/2024
NETN,Northeast Temperate Network,BOHA,Boston Harbor Islands National Park Area,OUTBRE,Outer Brewster,8/29/2023,S3,8/12/2024,830,NA,{D11C32AE-5275-43AC-A987-79C8BBF530DA},,FALSE,FALSE,8/29/2023
NETN,Northeast Temperate Network,BOHA,Boston Harbor Islands National Park Area,OUTBRE,Outer Brewster,8/29/2023,S4,8/12/2024,352,NA,{D11C32AE-5275-43AC-A987-79C8BBF530DA},Winter photo,FALSE,FALSE,1/4/2024
NETN,Northeast Temperate Network,BOHA,Boston Harbor Islands National Park Area,OUTBRE,Outer Brewster,8/29/2023,S4,8/12/2024,469,NA,{D11C32AE-5275-43AC-A987-79C8BBF530DA},,FALSE,FALSE,8/29/2023
NETN,Northeast Temperate Network,BOHA,Boston Harbor Islands National Park Area,OUTBRE,Outer Brewster,8/29/2023,S5,8/12/2024,206,NA,{D11C32AE-5275-43AC-A987-79C8BBF530DA},,FALSE,FALSE,8/29/2023
NETN,Northeast Temperate Network,BOHA,Boston Harbor Islands National Park Area,OUTBRE,Outer Brewster,8/29/2023,S5,8/12/2024,154,NA,{D11C32AE-5275-43AC-A987-79C8BBF530DA},Winter photo,FALSE,FALSE,1/4/2024
NETN,Northeast Temperate Network,BOHA,Boston Harbor Islands National Park Area,GREISL,Green Island,8/23/2024,S1,9/26/2024,303,NA,{D11C32AE-5275-43AC-A987-79C8BBF530DA},,FALSE,FALSE,8/23/2024
NETN,Northeast Temperate Network,BOHA,Boston Harbor Islands National Park Area,GREISL,Green Island,8/23/2024,S2,9/27/2024,752,NA,{D11C32AE-5275-43AC-A987-79C8BBF530DA},,FALSE,FALSE,8/23/2024
NETN,Northeast Temperate Network,BOHA,Boston Harbor Islands National Park Area,GREISL,Green Island,8/23/2024,S3,9/27/2024,249,NA,{D11C32AE-5275-43AC-A987-79C8BBF530DA},,FALSE,FALSE,8/23/2024
NETN,Northeast Temperate Network,BOHA,Boston Harbor Islands National Park Area,GREISL,Green Island,8/23/2024,S4,9/30/2024,396,NA,{D11C32AE-5275-43AC-A987-79C8BBF530DA},,FALSE,FALSE,8/23/2024
NETN,Northeast Temperate Network,BOHA,Boston Harbor Islands National Park Area,GREISL,Green Island,8/23/2024,S5,9/30/2024,332,NA,{D11C32AE-5275-43AC-A987-79C8BBF530DA},,FALSE,FALSE,8/23/2024
NETN,Northeast Temperate Network,BOHA,Boston Harbor Islands National Park Area,CALISL,Calf Island,8/24/2024,S1,10/3/2024,249,NA,{D11C32AE-5275-43AC-A987-79C8BBF530DA},Green algae makes  some areas hard to score,FALSE,FALSE,8/24/2024
NETN,Northeast Temperate Network,BOHA,Boston Harbor Islands National Park Area,CALISL,Calf Island,8/24/2024,S2,10/3/2024,270,NA,{D11C32AE-5275-43AC-A987-79C8BBF530DA},,FALSE,FALSE,8/24/2024
NETN,Northeast Temperate Network,BOHA,Boston Harbor Islands National Park Area,CALISL,Calf Island,8/24/2024,S3,10/7/2024,346,NA,{D11C32AE-5275-43AC-A987-79C8BBF530DA},,FALSE,FALSE,8/24/2024
NETN,Northeast Temperate Network,BOHA,Boston Harbor Islands National Park Area,CALISL,Calf Island,8/24/2024,S4,10/7/2024,306,NA,{D11C32AE-5275-43AC-A987-79C8BBF530DA},NA,FALSE,FALSE,8/24/2024
NETN,Northeast Temperate Network,BOHA,Boston Harbor Islands National Park Area,CALISL,Calf Island,8/24/2024,S5,10/7/2024,92,NA,{D11C32AE-5275-43AC-A987-79C8BBF530DA},,FALSE,FALSE,8/24/2024
NETN,Northeast Temperate Network,BOHA,Boston Harbor Islands National Park Area,OUTBRE,Outer Brewster,8/25/2024,S1,10/7/2024,450,NA,{D11C32AE-5275-43AC-A987-79C8BBF530DA},,FALSE,FALSE,8/25/2024
NETN,Northeast Temperate Network,BOHA,Boston Harbor Islands National Park Area,OUTBRE,Outer Brewster,8/25/2024,S2,10/7/2024,256,NA,{D11C32AE-5275-43AC-A987-79C8BBF530DA},,FALSE,FALSE,8/25/2024
NETN,Northeast Temperate Network,BOHA,Boston Harbor Islands National Park Area,OUTBRE,Outer Brewster,8/25/2024,S3,10/7/2024,936,NA,{D11C32AE-5275-43AC-A987-79C8BBF530DA},,FALSE,FALSE,8/25/2024
NETN,Northeast Temperate Network,BOHA,Boston Harbor Islands National Park Area,OUTBRE,Outer Brewster,8/25/2024,S4,10/7/2024,453,NA,{D11C32AE-5275-43AC-A987-79C8BBF530DA},,FALSE,FALSE,8/25/2024
NETN,Northeast Temperate Network,BOHA,Boston Harbor Islands National Park Area,OUTBRE,Outer Brewster,8/25/2024,S5,10/7/2024,346,NA,{D11C32AE-5275-43AC-A987-79C8BBF530DA},,FALSE,FALSE,8/25/2024
